"分类","现路径","原打包Wave","原路径","SHA256","属性依据"
"03_专题材料","03_专题材料\遗传数据访问\5050_ELSA_Genetics_Data_Access_v3.pdf","1,2,3,4,5,6,7,8","Complete_study_documentation_-_Wave_1\5050_ELSA_Genetics_Data_Access_v3.pdf | Complete_study_documentation_-_Wave_2\5050_ELSA_Genetics_Data_Access_v3.pdf | Complete_study_documentation_-_Wave_3\5050_ELSA_Genetics_Data_Access_v3.pdf | Complete_study_documentation_-_Wave_4\5050_ELSA_Genetics_Data_Access_v3.pdf | Complete_study_documentation_-_Wave_5\5050_ELSA_Genetics_Data_Access_v3.pdf | Complete_study_documentation_-_Wave_6\5050_ELSA_Genetics_Data_Access_v3.pdf | Complete_study_documentation_-_Wave_7\5050_ELSA_Genetics_Data_Access_v3.pdf | Complete_study_documentation_-_Wave_8\5050_ELSA_Genetics_Data_Access_v3.pdf","a8dd364b77b7fc6d1f2c7064e113ff88425d71b8f5a02103bd4075d038f2439e","ELSA genetic data access 1 English Longitudinal Study for Ageing (ELSA) Genetic Data Access Procedures The English Longitudinal Study of Ageing (ELSA) is a panel study of a representative cohort of men and women living in England aged 50 or"
"02_定义与方法依据","02_定义与方法依据\跨期\5050_ELSA_PW_user_guide.pdf","1,2,3,4,5,6,7,8","Complete_study_documentation_-_Wave_1\5050_ELSA_PW_user_guide.pdf | Complete_study_documentation_-_Wave_2\5050_ELSA_PW_user_guide.pdf | Complete_study_documentation_-_Wave_3\5050_ELSA_PW_user_guide.pdf | Complete_study_documentation_-_Wave_4\5050_ELSA_PW_user_guide.pdf | Complete_study_documentation_-_Wave_5\5050_ELSA_PW_user_guide.pdf | Complete_study_documentation_-_Wave_6\5050_ELSA_PW_user_guide.pdf | Complete_study_documentation_-_Wave_7\5050_ELSA_PW_user_guide.pdf | Complete_study_documentation_-_Wave_8\5050_ELSA_PW_user_guide.pdf","692f9432ba68bc2b5cbe77102d417cd4b775146810376ef5401024b8c74f4931","1 ELSA Pension Wealth Derived Variables (Waves 2 to 5): User Guide Rowena Crawford* Institute for Fiscal Studies Version 1 – November 2012 1. Introduction This document describes the derived pension wealth variables that are available for E"
"02_定义与方法依据","02_定义与方法依据\跨期\5050_elsa_salivary_cortisol_data_description.pdf","1,2,3,4,5,6,7,8","Complete_study_documentation_-_Wave_1\5050_elsa_salivary_cortisol_data_description.pdf | Complete_study_documentation_-_Wave_2\5050_elsa_salivary_cortisol_data_description.pdf | Complete_study_documentation_-_Wave_3\5050_elsa_salivary_cortisol_data_description.pdf | Complete_study_documentation_-_Wave_4\5050_elsa_salivary_cortisol_data_description.pdf | Complete_study_documentation_-_Wave_5\5050_elsa_salivary_cortisol_data_description.pdf | Complete_study_documentation_-_Wave_6\5050_elsa_salivary_cortisol_data_description.pdf | Complete_study_documentation_-_Wave_7\5050_elsa_salivary_cortisol_data_description.pdf | Complete_study_documentation_-_Wave_8\5050_elsa_salivary_cortisol_data_description.pdf","26db53c348f86ac63eeec66353322cdfaf1317c77785b1dc3fd02709825d4c6a","ELSA salivary cortisol Saliva was collected from ELSA participants in wave 2 (2004-5). Funding has only permitted a subset of samples to be analysed to date. These samples were assayed for cortisol concentration using a time resolved immuno"
"02_定义与方法依据","02_定义与方法依据\跨期\5050_ELSA_Study_Description.pdf","1,2,3,4,5,6,7,8","Complete_study_documentation_-_Wave_1\5050_ELSA_Study_Description.pdf | Complete_study_documentation_-_Wave_2\5050_ELSA_Study_Description.pdf | Complete_study_documentation_-_Wave_3\5050_ELSA_Study_Description.pdf | Complete_study_documentation_-_Wave_4\5050_ELSA_Study_Description.pdf | Complete_study_documentation_-_Wave_5\5050_ELSA_Study_Description.pdf | Complete_study_documentation_-_Wave_6\5050_ELSA_Study_Description.pdf | Complete_study_documentation_-_Wave_7\5050_ELSA_Study_Description.pdf | Complete_study_documentation_-_Wave_8\5050_ELSA_Study_Description.pdf","70733a44afb7e64aa81b86c9da77e6167853d558459cf6533efcd3ba3befa037","ELSA Study Description 1. Sampling frame: Wave 1 Original sample interviewed in Health Survey for England (HSE) 1998/1999/2001 Age 50+ on Mar 1 2002, Wave 2 (main interview and nurse visit), Wave 3 (main interview, life History and HSE 2001"
"03_专题材料","03_专题材料\Harmonized\5050_harmonized_elsa_e.pdf","1,2,3,4,5,6,7,8","Complete_study_documentation_-_Wave_1\5050_harmonized_elsa_e.pdf | Complete_study_documentation_-_Wave_2\5050_harmonized_elsa_e.pdf | Complete_study_documentation_-_Wave_3\5050_harmonized_elsa_e.pdf | Complete_study_documentation_-_Wave_4\5050_harmonized_elsa_e.pdf | Complete_study_documentation_-_Wave_5\5050_harmonized_elsa_e.pdf | Complete_study_documentation_-_Wave_6\5050_harmonized_elsa_e.pdf | Complete_study_documentation_-_Wave_7\5050_harmonized_elsa_e.pdf | Complete_study_documentation_-_Wave_8\5050_harmonized_elsa_e.pdf","c0a18e039343b61d63fc88335ea1b2c376df4bf4db4e6a077855c64535f15876","g2aging.org Drystan Phillips, Yu-Chen Lin, Jenny Wight, Sandy Chien & Jinkook Lee Harmonized ELSA Documentation VERSION E, APRIL 2017 We greatly appreciate support from the National Institute on Aging (R01 AG030153, RC2 AG036619, R03 AG0430"
"02_定义与方法依据","02_定义与方法依据\跨期\5050_index_file_user_guide_wave_0-wave_5.pdf","1,2,3,4,5","Complete_study_documentation_-_Wave_1\5050_index_file_user_guide_wave_0-wave_5.pdf | Complete_study_documentation_-_Wave_2\5050_index_file_user_guide_wave_0-wave_5.pdf | Complete_study_documentation_-_Wave_3\5050_index_file_user_guide_wave_0-wave_5.pdf | Complete_study_documentation_-_Wave_4\5050_index_file_user_guide_wave_0-wave_5.pdf | Complete_study_documentation_-_Wave_5\5050_index_file_user_guide_wave_0-wave_5.pdf","9146857b390d54fe3105e8695f42aeb4df94680707647b842b1814b5ba06c2b8","ELSA Index File V4 User Guide Authors: Andrew Phelps and Natasha Wood Date: April 2013 Prepared for: UK Data Archive UK Data Archive Study Number 5050 - English Longitudinal Study of Ageing At NatCen Social Research we believe that social r"
"02_定义与方法依据","02_定义与方法依据\Wave_01\5050_Wave_1_Technical_Report.pdf","1","Complete_study_documentation_-_Wave_1\5050_Wave_1_Technical_Report.pdf","4169e89ec0c7966c4f4b7da80361b9f7b80e95c46260970c0e19889adf818912","Health, wealth and lifestyles of the older population in England: The 2002 English Longitudinal Study of Ageing Technical Report Authors: Rebecca Taylor, Laura Conway , Lisa Calderwood, Carli Lessof, Hayley Cheshire, Kate Cox and Shaun Scho"
"02_定义与方法依据","02_定义与方法依据\跨期\5050_waves_1-8_financial_derived_variables_user_guide.pdf","1,2,3,4,5,6,7,8","Complete_study_documentation_-_Wave_1\5050_waves_1-8_financial_derived_variables_user_guide.pdf | Complete_study_documentation_-_Wave_2\5050_waves_1-8_financial_derived_variables_user_guide.pdf | Complete_study_documentation_-_Wave_3\5050_waves_1-8_financial_derived_variables_user_guide.pdf | Complete_study_documentation_-_Wave_4\5050_waves_1-8_financial_derived_variables_user_guide.pdf | Complete_study_documentation_-_Wave_5\5050_waves_1-8_financial_derived_variables_user_guide.pdf | Complete_study_documentation_-_Wave_6\5050_waves_1-8_financial_derived_variables_user_guide.pdf | Complete_study_documentation_-_Wave_7\5050_waves_1-8_financial_derived_variables_user_guide.pdf | Complete_study_documentation_-_Wave_8\5050_waves_1-8_financial_derived_variables_user_guide.pdf","fff615d5d8cdc249521a052cfd9b766001894a367a7ee7f9f095ee2e79e5231a","Financial derived variables user guide Contents 1. Introduction 2. FAQ All my old programs have crashed. Why have all the variable names changed? Which variable should I use? Which private pension income variable should I use? Which employm"
"02_定义与方法依据","02_定义与方法依据\跨期\5050_waves_1-8_ifs_elsa_derived_variables_user_guide.pdf","1,2,3,4,5,6,7,8","Complete_study_documentation_-_Wave_1\5050_waves_1-8_ifs_elsa_derived_variables_user_guide.pdf | Complete_study_documentation_-_Wave_2\5050_waves_1-8_ifs_elsa_derived_variables_user_guide.pdf | Complete_study_documentation_-_Wave_3\5050_waves_1-8_ifs_elsa_derived_variables_user_guide.pdf | Complete_study_documentation_-_Wave_4\5050_waves_1-8_ifs_elsa_derived_variables_user_guide.pdf | Complete_study_documentation_-_Wave_5\5050_waves_1-8_ifs_elsa_derived_variables_user_guide.pdf | Complete_study_documentation_-_Wave_6\5050_waves_1-8_ifs_elsa_derived_variables_user_guide.pdf | Complete_study_documentation_-_Wave_7\5050_waves_1-8_ifs_elsa_derived_variables_user_guide.pdf | Complete_study_documentation_-_Wave_8\5050_waves_1-8_ifs_elsa_derived_variables_user_guide.pdf","64d64942d0f20764be2e0423b20d48ee7289b1de96270f8bf2fa1220c1e07c7a","IFS Derived Variables User Guide Aims This document describes how to use the IFS Derived Variables data sets. The purpose of these data sets is to centralise the derivation of some of the more complex variables and reduce duplication of eff"
"02_定义与方法依据","02_定义与方法依据\跨期\5050_waves_1-8_interviewer_data_user_guide_v01.pdf","1,2,4,5,6,7,8","Complete_study_documentation_-_Wave_1\5050_waves_1-8_interviewer_data_user_guide_v01.pdf | Complete_study_documentation_-_Wave_2\5050_waves_1-8_interviewer_data_user_guide_v01.pdf | Complete_study_documentation_-_Wave_4\5050_waves_1-8_interviewer_data_user_guide_v01.pdf | Complete_study_documentation_-_Wave_5\5050_waves_1-8_interviewer_data_user_guide_v01.pdf | Complete_study_documentation_-_Wave_6\5050_waves_1-8_interviewer_data_user_guide_v01.pdf | Complete_study_documentation_-_Wave_7\5050_waves_1-8_interviewer_data_user_guide_v01.pdf | Complete_study_documentation_-_Wave_8\5050_waves_1-8_interviewer_data_user_guide_v01.pdf","f1a743c88eb6bc43b057d3cff406acb241053055269ed8c0bb7f79149eed355c","User Guide to the Main Interview Datasets Waves 1 to 8 Authors: NatCen Social Research Date: May 2018 (version 1) UK Data Archive Study Number 5050 - English Longitudinal Study of Ageing Contents 1 - Overview of the survey ................."
"04_研究报告","04_研究报告\Wave_01\ELSA - Wave 1 report.pdf","1","Complete_study_documentation_-_Wave_1\ELSA - Wave 1 report.pdf","060f655ae16a1cafcf07fa93837b5904b9a24d714f0b2f3ee6ac9dce5115bedb","Health, wealth and lifestyles of the older population in England THE 2002 ENGLISH LONGITUDINAL STUDY OF AGEING December 2003 James Banks Richard Blundell Lisa Calderwood María Casanova Laura Conway Edlira Gjonça Felicia A. Huppert Martin Hy"
"05_辅助材料","05_辅助材料\Wave_01\ELSA_Advance_Letter_W1.PDF","1","Complete_study_documentation_-_Wave_1\ELSA_Advance_Letter_W1.PDF","7f24a4e529efc2389d807afa92f5ab77521203ab0289c90a854065bcd0bd4ec4","Institute for Fiscal Studies English Longitudinal Study of Ageing <<Title>> <<Name>> <<Surname>> <<Add1>> <<Add2>> <<Add3>> <<Add4>> <<Add5>> <<PC>> Health and lifestyles of people aged 50 and over Some time ago, your household kindly took "
"01_原始问卷与记录表","01_原始问卷与记录表\Wave_01\ELSA_Cognitive_Booklet_W1.pdf","1","Complete_study_documentation_-_Wave_1\ELSA_Cognitive_Booklet_W1.pdf","4547c949b2ed9d56750e1dc1f94b016e397470a8d5bec7e5ba0d0051dc22e33a","P2058 Serial number Ckl Person First name: 1-8 9-10 Spare 11-20 Health and lifestyles of people aged 50 and over COGNITIVE MODULE - INTERVIEWER RECORDING BOOKLET Word List – First Recall Please write down the words the respondent recalls in"
"05_辅助材料","05_辅助材料\Wave_01\ELSA_HES_DWP_Consent_W1.pdf","1","Complete_study_documentation_-_Wave_1\ELSA_HES_DWP_Consent_W1.pdf","eca129af298394c2317d09bda3226677ca818772d53351715fc2fa9a6caed298","Institute for Fiscal Studies Serial number CKL PerNo Health and lifestyles of people aged 50 and over We have asked about your health and economic circumstances. To make this information complete we would like to find out • more about your "
"05_辅助材料","05_辅助材料\Wave_01\ELSA_Newsletter_W1.pdf","1","Complete_study_documentation_-_Wave_1\ELSA_Newsletter_W1.pdf","ed3fd924c228e90b75c77d035ec0de587c1bff13d42f1bb15fa244f3d59ae440","First findings released Welcome to the first ELSA Update telling you about the results we found from the study of the health and lifestyles of people aged 50 and over which you took part in. The first wave of ELSA was a huge success. We int"
"01_原始问卷与记录表","01_原始问卷与记录表\Wave_01\ELSA_Questionnaire_W1.pdf","1","Complete_study_documentation_-_Wave_1\ELSA_Questionnaire_W1.pdf","7ca96e252dd969540e63a0240871ae1c52ed04d33ef06357c65661e55f895c48","ELSA Wave 1 Questionnaire - May 2002 1 English Longitudinal Study of Ageing Wave One Questionnaire – 2002 ELSA Wave 1 Questionnaire - May 2002 2 Household Demographics: HD ...................................................................."
"01_原始问卷与记录表","01_原始问卷与记录表\Wave_01\ELSA_Self-comp_Questionnaire_W1.pdf","1","Complete_study_documentation_-_Wave_1\ELSA_Self-comp_Questionnaire_W1.pdf","c6ef898b3827ca75d44c5bc31813498c4c1e32137a9a2962f06252812d565222","Health and lifestyles of people aged 50 and over Self-Completion Questionnaire In Conﬁdence P2058 A HOW TO FILL IN THIS QUESTIONNAIRE Please answer the questions by: Ticking a box like this Or writing a number in a box like this Sometimes y"
"05_辅助材料","05_辅助材料\Wave_01\ELSA_Survey_Leaflet_W1.PDF","1","Complete_study_documentation_-_Wave_1\ELSA_Survey_Leaflet_W1.PDF","b051c17ddf3f5d75aa9de0bb8b3897aa35b429de8578afde7835d60def454f9d","Confidentiality All information you give will be treated in strictest confidence and used for statistical research purposes only. Your name and address will not be stored with the data you provide. No survey results based on small geographi"
"05_辅助材料","05_辅助材料\Wave_10\01_P14902.01_Accelerometery_Leaflet.v2.pdf","10","Complete_study_documentation_-_Wave_10\01_P14902.01_Accelerometery_Leaflet.v2.pdf","7460c2f40b7443b2463539061d5bae3b68d93ed745efb7c4991d70bd04621256","Monitoring Physical Activity Participant Information Leaflet NatCen Social Research, Kings House, 101-135 Kings Road, Brentwood, Essex CM14 4LX Tel. 0800 526 397. Company limited by guarantee. Reg No. 4392418. A Charity registered in Englan"
"05_辅助材料","05_辅助材料\Wave_10\07_P14902.01_Advance_Letter_Existing_Sample_v6.pdf","10","Complete_study_documentation_-_Wave_10\07_P14902.01_Advance_Letter_Existing_Sample_v6.pdf","13579d9657acc4db128a50c054cfa42265d632ebffd048228dd86bd6e675c5e0","Your invitation to the next ELSA - 50+ Health & Life interview! <MMName> <ADD1> <ADD2> <ADD3> <ADD4> <PCode> Martin Wood Head of Longitudinal Research NatCen Social Research Dear <MMName>, <MMfield1> <MMfield2> 20 Professor Andrew Steptoe I"
"05_辅助材料","05_辅助材料\Wave_10\09_P14902.01_Generic_Advance_Letter_v5.pdf","10","Complete_study_documentation_-_Wave_10\09_P14902.01_Generic_Advance_Letter_v5.pdf","166ae952b6a156951c2d80f1063047291df4d70b62d9c04e37a7dda901e4d1de","Your invitation to the next ELSA - 50+ Health & Life interview! Martin Wood Head of Longitudinal Research NatCen Social Research Dear ___________________________________________, ELSA – 50+ Health and Life is the ground-breaking study about"
"01_原始问卷与记录表","01_原始问卷与记录表\Wave_10\12_P14902.01_Cognitive_Assessment_Booklet.pdf","10","Complete_study_documentation_-_Wave_10\12_P14902.01_Cognitive_Assessment_Booklet.pdf","5762b205e1d635ae4efee0c1ba1e9851c8bb5f3563a963d4dec3b1b0ee344418","Serial number Ck PerNo First name: ELSA 50+ HEALTH & LIFE COGNITIVE MODULE - INTERVIEWER RECORDING BOOKLET Word List – First Recall Please write down the words the respondent recalls in the space provided: Do NOT interrupt the respondent. I"
"05_辅助材料","05_辅助材料\Wave_10\15_P14902.01_Covid_Leaflet.pdf","10","Complete_study_documentation_-_Wave_10\15_P14902.01_Covid_Leaflet.pdf","960a34aade674872fe3b0c2ea3014cabb2423cf57296f650faf7b5cea41dbf05","OUR COVID -19 SAFETY MEASURES As Britain’s largest independent social research agency, we’ve worked, for the last 50 years, on behalf of government and charities to find out what people really think about important social issues and how Bri"
"05_辅助材料","05_辅助材料\Wave_10\16_P14902.01_Doorstep_Postcard.pdf","10","Complete_study_documentation_-_Wave_10\16_P14902.01_Doorstep_Postcard.pdf","d9296a29dd2d5549d736731b217d00e081b3fe295fa3d9c99712d70f6cad29da","Find out more at www.natcen.ac.uk/elsa or call us on Freephone 0800 652 4574."
"05_辅助材料","05_辅助材料\Wave_10\18_P14902.01_Measurement_Card.pdf","10","Complete_study_documentation_-_Wave_10\18_P14902.01_Measurement_Card.pdf","47e5b63b2a1e5a91dfa52b0ba46109e5c4f378d5a9c5c98f13bd94505e84db82","18_P14902.01_Measurement_Card WEIGHT: kg st/lbs For adults, height and weight information can be used to calculate Body Mass Index (BMI). Further information on this calculation and guidance on BMI can be found here: https://www.nhs.uk/live"
"05_辅助材料","05_辅助材料\Wave_10\20_P14902.01_Newsletter.pdf","10","Complete_study_documentation_-_Wave_10\20_P14902.01_Newsletter.pdf","f412563f228156df7c590bb508acc0321d305b9c1b80bdc15e916be6eec97249","Participant Newsletter 2021-2022 About ELSA – 50+ Health & Life We have been going through a difficult period since early 2020. Older people have been at particularly high risk, and many have suffered COVID-19 infection and have had loved o"
"05_辅助材料","05_辅助材料\Wave_10\21_P14902.01_Nominated_Contact_Leaflet.pdf","10","Complete_study_documentation_-_Wave_10\21_P14902.01_Nominated_Contact_Leaflet.pdf","292f68a055b04f6e1889fb02d4479c47c8c4738571e95bd7a100aca4487d82ef","Information for the nominated contact person 21_P14902.01_Nominated_Contact_Leaflet What is ELSA 50+ about? Almost 40 per cent of the population of England is aged 50 or over. We are carrying out this research to find out more about the liv"
"05_辅助材料","05_辅助材料\Wave_10\23_P14902.01_Participant_Health_Screener_v3.pdf","10","Complete_study_documentation_-_Wave_10\23_P14902.01_Participant_Health_Screener_v3.pdf","a7cdfbc18277f365fca9368366a5fa9f3047a10a8a6a0b1cdd22d9fe7744917e","COVID-19 Participant / Household Screener Participant & household health screening must be carried out in advance of making an appointment for an in home visit AND on the day of the pre-arranged appointment, before entering any participants"
"01_原始问卷与记录表","01_原始问卷与记录表\Wave_10\24_P14902.01_ELSA_Self-Completion_Questionnaire.pdf","10","Complete_study_documentation_-_Wave_10\24_P14902.01_ELSA_Self-Completion_Questionnaire.pdf","860bec72462cc6ae18faa123f3c26282477afed6a221cf0389945f8e22a9a463","HEALTH AND LIFESTYLES OF PEOPLE AGED 50 AND OVER Self-Completion questionnaire In Confidence HOW TO RETURN THIS QUESTIONNAIRE If the interviewer is in your home (or will be coming to your home for an interview) once you have completed the q"
"05_辅助材料","05_辅助材料\Wave_10\26_P14902.01_Survey_Leaflet.pdf","10","Complete_study_documentation_-_Wave_10\26_P14902.01_Survey_Leaflet.pdf","f2a7d9956807249b4ea958bced52a6e29fe3f9ddd4b0c3fc58ca5ca79fed94e8","Find out more about the study natcen.ac.uk/elsa50plus 26_P14902.01_Survey_Leaflet What is the study about? Almost 40 per cent of the population of England is aged 50 or over. We are carrying out this research to find out more about the live"
"01_原始问卷与记录表","01_原始问卷与记录表\Wave_10\ELSA W10 CAPI_v2.pdf","10","Complete_study_documentation_-_Wave_10\ELSA W10 CAPI_v2.pdf","b4d2de0f6796de371861138bd11e2896c528605c9616fc8bc413f01cbf6a2e86","UK Data Archive Study Number 5050 - English Longitudinal Study of Ageing English Longitudinal Study of Ageing Interviewer Questionnaire Wave 10 – 2021/22 Version 2 (July 2022) NatCen Social Research 35 Northampton Square London EC1V 0AX T 0"
"01_原始问卷与记录表","01_原始问卷与记录表\Wave_11\21_P13977.01_ELSA_W11_MS_Showcards_v2.pdf","11","Complete_study_documentation_-_Wave_11\21_P13977.01_ELSA_W11_MS_Showcards_v2.pdf","77c821eba1cefe0d79fb58023c53ffdca55b4cae71439f8761e0aa00d9da1cd3","21_P13977.01_ELSA_W11_MS_Showcards_v2 ELSA 50+ HEALTH AND LIFE Wave 11 (P13977) 2023/2024 SHOWCARDS 21_P13977.01_ELSA_W11_MS_Showcards_v2 DHR/DHCR/DIPRE/MIREL (HD) CARD A1 1 Husband/wife 2 Partner/cohabitee 3 Natural son/daughter 4 Adopted "
"05_辅助材料","05_辅助材料\Wave_11\23_N13977_ELSA_W11_MS_Health_Care Home Man Letter_v1.pdf","11","Complete_study_documentation_-_Wave_11\23_N13977_ELSA_W11_MS_Health_Care Home Man Letter_v1.pdf","bd69be4290f9a3e3aacdfe037128239d233f583ae53a055071ad8557c84b0bf1","Dear Our records show that the person named above resides in your care home. Recently they took part in an interview for The English Longitudinal Study of Ageing, also known as ELSA 50+ Health and Life. During this interview they also agree"
"02_定义与方法依据","02_定义与方法依据\Wave_11\ELSA W11 MS_Nurse Project Instructions_v2.pdf","11","Complete_study_documentation_-_Wave_11\ELSA W11 MS_Nurse Project Instructions_v2.pdf","12f42d65465ffadda959fd7b3060da1b1a9f6616270d717add82703f6378fd3f","N9_N13977_ELSA W11_Project_Instructions_v2 ELSA Wave 11 Health visit Health Visit Project Instructions 2 N9_N13977_ELSA W11_Pilot_Project_Instructions_v2 N13977 N9_N13977_ELSA W11_Pilot_Project_Instructions_v2 ELSA is run in collaboration w"
"01_原始问卷与记录表","01_原始问卷与记录表\Wave_11\ELSA_W11_MS_Capi.pdf","11","Complete_study_documentation_-_Wave_11\ELSA_W11_MS_Capi.pdf","1af6a4d783b4eec5a3f082fdc96a07b089e3964ed172465b8f8d35e3e3071d81","l 1 - HOUSEHOLD DEMOGRAPHICS MODULE (HD) Note: At Wave 11, some unproductive individuals from the Wave 10 refreshment sample were issued again. Some of these respondents were in households with people who were productive at Wave 10. In Wave"
"01_原始问卷与记录表","01_原始问卷与记录表\Wave_11\ELSA_W11_MS_Cognitive Assessment Booklet_v1.pdf","11","Complete_study_documentation_-_Wave_11\ELSA_W11_MS_Cognitive Assessment Booklet_v1.pdf","69444e127033858370fdde2cddfbd0ac5051a296df6593a9fc5c25f579060640","07_P13977.01_ELSA_W11_MS_Cognitive Assessment Booklet_v1 Head Office 35 Northampton Square London EC1V 0AX Charity no. 1091768 Serial number Ck PerNo First name: Operations Department Kings House 101-135 Kings Road Brentwood Essex CM14 4LX "
"05_辅助材料","05_辅助材料\Wave_11\ELSA_W11_MS_Con Dec Form_v1.pdf","11","Complete_study_documentation_-_Wave_11\ELSA_W11_MS_Con Dec Form_v1.pdf","bf6ee27f2bfa198f43374dde9c5c1f937676b94a59c5c0b2ae828891e342414b","Respondent’s Name: The person named above has previously participated in an important research project called the English Longitudinal Study of Ageing (ELSA). ELSA explores the health, lifestyles and financial situation of people as they gr"
"05_辅助材料","05_辅助材料\Wave_11\ELSA_W11_MS_Doorstep Postcard_v1.pdf","11","Complete_study_documentation_-_Wave_11\ELSA_W11_MS_Doorstep Postcard_v1.pdf","02568de0d87921ffaa7ee9511b4d3af768ae9f8a06794635255608d8ac516cce","Find out more at www.natcen.ac.uk/elsa or call us on Freephone 0800 652 4574."
"05_辅助材料","05_辅助材料\Wave_11\ELSA_W11_MS_FRS Refresh Adv Lett_v1.pdf","11","Complete_study_documentation_-_Wave_11\ELSA_W11_MS_FRS Refresh Adv Lett_v1.pdf","78b86809b05d876aabc41e4d5c9b7de5f66f940cfde9d3f189ecf64ca8f89050","Professor Andrew Steptoe Institute of Epidemiology and Health Care University College London Your invitation to take part in the ELSA - 50+ Health & Life study! Dear <MMname> Y ou kindly took part in the Family Resources Survey (FRS), which"
"05_辅助材料","05_辅助材料\Wave_11\ELSA_W11_MS_Gen Adv Lett_v1.pdf","11","Complete_study_documentation_-_Wave_11\ELSA_W11_MS_Gen Adv Lett_v1.pdf","9cb4b714e0639db38d3ad73fdc72fd04d5854d3c55dc98d1aa70bcbbe63da460","Your invitation to the next ELSA - 50+ Health & Life Interview! Dear ELSA – 50+ Health and Life is a unique and innovative study about the health and lives of people aged 50 and over in England. Whether you have taken part before or you are"
"05_辅助材料","05_辅助材料\Wave_11\ELSA_W11_MS_Newsletter.pdf","11","Complete_study_documentation_-_Wave_11\ELSA_W11_MS_Newsletter.pdf","39b748d8d185503e9ac91b9091592e5d18e838803cdfb977e93c7c5a3887f1f3","Participant Newsletter 2023-2024 Celebrating 20 Years of ELSA – Thanks from Andrew Steptoe Head of the Department of Behavioural Science and Health, Institute of Epidemiology and Health Care, University College London (Principle Investigato"
"05_辅助材料","05_辅助材料\Wave_11\ELSA_W11_MS_Nom Con Leaf.pdf","11","Complete_study_documentation_-_Wave_11\ELSA_W11_MS_Nom Con Leaf.pdf","acd8b8bd4d954dedcabff39e753b93839c73564434b401c55161fca714ab8305","14_P13977 .01_ELSA_W11_MS_Nom Con Leaf_v1 Information for the nominated contact person What is ELSA 50+ about? Almost 40 per cent of the population of England is aged 50 or over. We are carrying out this research to find out more about the "
"01_原始问卷与记录表","01_原始问卷与记录表\Wave_11\ELSA_W11_MS_Self Comp Quest_v2.pdf","11","Complete_study_documentation_-_Wave_11\ELSA_W11_MS_Self Comp Quest_v2.pdf","c00fafd4250af91352867c8029bfe1c7ceefae2c7355431a12861ae4e863a048","HEALTH AND LIFESTYLES OF PEOPLE AGED 50 AND OVER Self-Completion questionnaire In Confidence HOW TO RETURN THIS QUESTIONNAIRE If the interviewer is in your home (or will be coming to your home for an interview) once you have completed the q"
"05_辅助材料","05_辅助材料\Wave_11\ELSA_W11_MS_Showcards_economic_records.pdf","11","Complete_study_documentation_-_Wave_11\ELSA_W11_MS_Showcards_economic_records.pdf","a8e78d1d5e3d24391608d16547c867495220e31cdf7b65c12c3a329a8f6df601","21_P13977.01_ELSA_W11_MS_Showcards_v1 CONECOC/CONECO CARD M3 Economic Records We have asked about your economic circumstances. To make this information complete we would like to find out more about your National Insurance contributions, sta"
"05_辅助材料","05_辅助材料\Wave_11\ELSA_W11_MS_Showcards_health_records.pdf","11","Complete_study_documentation_-_Wave_11\ELSA_W11_MS_Showcards_health_records.pdf","dfc8b79f00bfa80b91fcfd817295dd5139550e3d9cee9ec627d9b07a5c08445b","21_P13977.01_ELSA_W11_MS_Showcards_v1 CONHES/ConPC/ConCM CARD M1 Health Records We have asked about your health. To make this information complete we would like to find out more about your health and treatment from data held and managed by "
"05_辅助材料","05_辅助材料\Wave_11\ELSA_W11_MS_Survey Leaflet_v1.pdf","11","Complete_study_documentation_-_Wave_11\ELSA_W11_MS_Survey Leaflet_v1.pdf","a8232bbd82c57991ef17d99e98af2879b0132a86ac677395e70b4bfcda1f8112","06_P13977 .01_ELSA_W11_MS_Survey Leaflet_v1 Find out more about the study natcen.ac.uk/elsa50plus What is the study about? Almost 40 per cent of the population of England is aged 50 or over. We are carrying out this research to find out mor"
"01_原始问卷与记录表","01_原始问卷与记录表\Wave_11\ELSA_W11_MS_Timed Walk Card_v1.pdf","11","Complete_study_documentation_-_Wave_11\ELSA_W11_MS_Timed Walk Card_v1.pdf","49967eba73d35f12b82494044de3fb8a7e71ee3a616c46b90d1cf02a561a1231","08_P13977.01_ELSA_W11_MS_Timed Walk Card_v1 ELSA 50+ Health & Life Measurement and Timed Walk Record Card Serial No: TIMED WALK First person: Time for first walk: Time for second walk: Second person: Time for first walk: Time for second wal"
"02_定义与方法依据","02_定义与方法依据\Wave_11\N10_N13977_ELSA_W11_MS_Protocols_v1.pdf","11","Complete_study_documentation_-_Wave_11\N10_N13977_ELSA_W11_MS_Protocols_v1.pdf","202f5737610ca1f3988a771745ec4d38fd2bb6777ec569d187aabf9e73b89570","Page 1 of 23 N10_N13977_ELSA_W11_MS_Protocols_v1 ELSA Wave 11 Health Visit - Pro tocols – Grip Strength, Hair Sample & Lung Function Page 2 of 23 N10_N13977_ELSA_W11_MS_Protocols_v1 Contents 1 Grip Strength ................................ "
"02_定义与方法依据","02_定义与方法依据\Wave_11\N11_N13977_W11_ELSA_MS_Grip_Strength_Procedure_v1.pdf","11","Complete_study_documentation_-_Wave_11\N11_N13977_W11_ELSA_MS_Grip_Strength_Procedure_v1.pdf","e6fcde351a18da953676e5e731f442395eb70348b26e1a98f24a3777db10a9a4","N11_N13977_W11_ELSA_MS_Grip_Strength_Procedure_v1 Grip Strength Procedure Now I would like to assess the strength of your hand in a gripping action. I will count up to three and then ask you to squeeze this handle as hard as you can, just f"
"02_定义与方法依据","02_定义与方法依据\Wave_11\N12_N13977_W11_ELSA_MS_Balance_and_Leg_Raise_Procedure_v1.pdf","11","Complete_study_documentation_-_Wave_11\N12_N13977_W11_ELSA_MS_Balance_and_Leg_Raise_Procedure_v1.pdf","8e68db3d9d64a5473af0ac6feee0da54cc5ae8128619e5511a689fa3b1ec92a4","N12_N13977_W11_ELSA_MS_Balance_and_Leg_Raise_Procedure_v1 Balance Measure Procedure If holds for less than 10 seconds, record 2 and enter TIME. If does not attempt, record 3. Do not attempt full-tandem position. SIDE-BY-SIDE TANDEM Now I wi"
"02_定义与方法依据","02_定义与方法依据\Wave_11\N13_N13977_W11_ELSA_MS_Hair_Sample_Procedure_V1.pdf","11","Complete_study_documentation_-_Wave_11\N13_N13977_W11_ELSA_MS_Hair_Sample_Procedure_V1.pdf","b819834e2208f225a7bd6721ec8100d2c8ac40ef421b5d3dc3be366273ce00a5","N13_N13977_ELSA_W11_MS_Hair_Procedure_v1 ELSA W AVE 11 HAIR SAMPLE PROCEDURE 1. Following explanation of the procedure (as per CAPI project instructions) and gaining of written consent, ensure the respondent is sitting in a suitable chair, "
"02_定义与方法依据","02_定义与方法依据\Wave_11\N14_P13977_W11_ELSA_Lung_Function_Laminate_v1.pdf","11","Complete_study_documentation_-_Wave_11\N14_P13977_W11_ELSA_Lung_Function_Laminate_v1.pdf","3b5738263f14e0ea06603bad0c1b41670176dfe935c7f40e3d2ae7ecab2ee989","N14_P13977_W11_ELSA_MS_Lung_Function_Procedure_V1 ELSA WAVE 11 HEALTH VISIT : LUNG FUNCTION PROTOCOL DEMONSTRATE (BEFORE LAUNCHING PROGRAMME): ▪ Read CAPI script. ▪ Demonstrate the blow to the respondent (using your own spirette and a filte"
"05_辅助材料","05_辅助材料\Wave_11\N1_P13977_ELSA_W11_MS_Appointment_Letter_V1.pdf","11","Complete_study_documentation_-_Wave_11\N1_P13977_ELSA_W11_MS_Appointment_Letter_V1.pdf","e0c02e1ba40841125fcbb8e543455944545e4dcbaab15e3d110e4c0bd83da1cc","Health and lifestyles of people aged 50 and over Dear Date: ________________________________ Time: ________________________________ Name of biomedical fieldworker: ________________________________________________ Thank you for agreeing to p"
"05_辅助材料","05_辅助材料\Wave_11\N22_N13977_ELSA_W11_Health_Recontact_Letter_v3.pdf","11","Complete_study_documentation_-_Wave_11\N22_N13977_ELSA_W11_Health_Recontact_Letter_v3.pdf","d58337e753e83568a75de1505c88304326b56ffbfe72aa4b6656b3c2dbed92b4","Health and lifestyles of people aged 50 and over Dear __________________________________________________________________ Stage 1: Interview complete Thank you for participating in the first stage of ELSA – 50+ Health & Life. We hope you enj"
"05_辅助材料","05_辅助材料\Wave_11\N2_P13977.01_ELSA_MS_Health_Visit_Leaflet_v1.pdf","11","Complete_study_documentation_-_Wave_11\N2_P13977.01_ELSA_MS_Health_Visit_Leaflet_v1.pdf","445dc92f037f971b523a42afd7efbd503f10b4996e4ee6480cec681bbf0bd124","The health visit – a quick guide www.natcen.ac.uk/elsa50plus What is a biomedical fieldworker? A biomedical fieldworker is a data collector with a background in Health and Social Care who is specially trained to take biological samples and "
"05_辅助材料","05_辅助材料\Wave_11\N4_N13977_ELSA_W11_MS_Measurement_Record_Card_v1.pdf","11","Complete_study_documentation_-_Wave_11\N4_N13977_ELSA_W11_MS_Measurement_Record_Card_v1.pdf","ba5cd8707ab145c48292a4fcff29f44e17c4b6194bfed225665f6fc242908873","Company limited by guarantee. The National Centre for Social Research, Reg No. 4392418. A Charity registered in England and Wales (1091768) and in Scotland (SC038454). N4_N13977_ELSA_W11_MS_Measurement_Record_Card_v1 For adults, height and "
"05_辅助材料","05_辅助材料\Wave_11\N4_P13977_W11_ELSA_MS_Nurse Consent Booklet_v3.pdf","11","Complete_study_documentation_-_Wave_11\N4_P13977_W11_ELSA_MS_Nurse Consent Booklet_v3.pdf","8954a41fdfac93c98b49407f18c58283717083ae77596c6909f1b8bea7317ff0","N3_N13977_W11_ELSA_MS_Consent_Booklet_v1 1 N13977 ELSA – 50+ Health & LIFE HEALTH VISIT CONSENT BOOKLET (WAVE 11) Please use capital letters and write in ink NAME/ADDRESS – WRITE IN: ATTACH BAR CODE LABEL: RESPONDENT NAME: ADDRESS: POSTCODE"
"05_辅助材料","05_辅助材料\Wave_11\N5_N13977_ELSA_W11_MS_Venepuncture Leaflet_v1.pdf","11","Complete_study_documentation_-_Wave_11\N5_N13977_ELSA_W11_MS_Venepuncture Leaflet_v1.pdf","3abf44221c2fb2234f43ebaf2a2af8b1477af01965a3b304c430d286d82210ec","Giving a blood sample Frequently Asked Questions The National Centre for Social Research (NatCen) and Inuvi biomedical fieldworkers follow ‘best practice’ principles which meet current national standards used within the NHS. This leaflet gi"
"02_定义与方法依据","02_定义与方法依据\Wave_11\N8_N13977_ELSA W11_MS_Order of blood draw card_v1.pdf","11","Complete_study_documentation_-_Wave_11\N8_N13977_ELSA W11_MS_Order of blood draw card_v1.pdf","5ea5c362a8b097250e53196bfe56ee4d588bf4428e2dbe06dce064f0a6c6b014","N8_N13977_ELSA W11_MS_Pilot_Order of blood draw card_v1 ELSA Wave 11: Order of Blood Draw Card Tubes in priority order Colour Goes to: Inversion: 3ml Plain tube – only if using butterfly needle Clear Please discard N/A 1.8ml Citrate tube Bl"
"03_专题材料","03_专题材料\临终访谈\5050_elsa_eol_user_guide_waves_2-3-4-6_v2.pdf","2,3,4,6","Complete_study_documentation_-_Wave_2\5050_elsa_eol_user_guide_waves_2-3-4-6_v2.pdf | Complete_study_documentation_-_Wave_3\5050_elsa_eol_user_guide_waves_2-3-4-6_v2.pdf | Complete_study_documentation_-_Wave_4\5050_elsa_eol_user_guide_waves_2-3-4-6_v2.pdf | Complete_study_documentation_-_Wave_6\5050_elsa_eol_user_guide_waves_2-3-4-6_v2.pdf","d5ae83426d363b26b13e2651c90ca57a720aa7c05d46d830bce718e6d3fe0957","English Longitudinal Study of Ageing (ELSA) Wave 2 to Wave 6 User Guide to the End of Life interview datasets Authors: NatCen Social Research Date: May 2015 (version 2) UK Data Archive Study Number 5050 - English Longitudinal Study of Agein"
"02_定义与方法依据","02_定义与方法依据\Wave_02\5050_Wave_2_Derived_Variables_User_Guide.pdf","2","Complete_study_documentation_-_Wave_2\5050_Wave_2_Derived_Variables_User_Guide.pdf","17c3c8767d38329641669b18ea41cca219ec8655d3d159fb55bb062a55b67cde","ELSA Wave 2 - Derived Variables, Version 1 User Guide Authors: Susan Nunn, Kate Cox, James Trinder UK Data Archive Study Number 5050 - English Longitudinal Study of Ageing 1 Introduction ....................................................."
"01_原始问卷与记录表","01_原始问卷与记录表\Wave_02\5050_wave_2_documentation.pdf","2","Complete_study_documentation_-_Wave_2\5050_wave_2_documentation.pdf","556afe5325b4a2055abbf08c2c10d680488358d7f85eaa772dacf7bc9b94fe3a","English Longitudinal Study of Ageing Wave Two Interview Questionnaire – 2004-2005 Version 2.0 - August 2006 UK Data Archive Study Number 5050 - English Longitudinal Study of Ageing 2 IMPORTANT INFORMATION ABOUT THE PAPER VERSION OF THE QUES"
"02_定义与方法依据","02_定义与方法依据\Wave_02\5050_wave_2_technical_report.pdf","2","Complete_study_documentation_-_Wave_2\5050_wave_2_technical_report.pdf","7d024d554ab561a79deafd95b7b6934c5c51f76bc7746fe9082de22c431bc321","Retirement, health and relationships of the older population in England: The 2004 English Longitudinal Study of Ageing Technical Report Shaun Scholes, Rebecca Taylor, Hayley Cheshire, Kate Cox, and Carli Lessof November 2008 P2808 UK Data A"
"02_定义与方法依据","02_定义与方法依据\跨期\5050_waves_2-4-6-8_nurse_data_user_guide_v01.pdf","2,4,6,8","Complete_study_documentation_-_Wave_2\5050_waves_2-4-6-8_nurse_data_user_guide_v01.pdf | Complete_study_documentation_-_Wave_4\5050_waves_2-4-6-8_nurse_data_user_guide_v01.pdf | Complete_study_documentation_-_Wave_6\5050_waves_2-4-6-8_nurse_data_user_guide_v01.pdf | Complete_study_documentation_-_Wave_8\5050_waves_2-4-6-8_nurse_data_user_guide_v01.pdf","e53514697389e1bbf46e8f49a00347f7bf6aafaa0c31a1b659ba968462f721fa","User Guide to the Nurse Visit Datasets Waves 2, 4, 6, 8 Authors: NatCen Social Research Date: May 2018 (version 1) UK Data Archive Study Number 5050 - English Longitudinal Study of Ageing CONTENTS 1 - Overview of survey ...................."
"03_专题材料","03_专题材料\生命史\5050_Wave_3_Life_History_Documentation.pdf","3","Complete_study_documentation_-_Wave_3\5050_Wave_3_Life_History_Documentation.pdf | Complete_study_documentation_-_Wave_3\ELSA_Life_History_User_Guide_W3.pdf","828befca82dcf6c7c2c8f1ecd56b154d047e0211a1e7a3e166d15ab55aff09e4","ELSA Wave Three: Life History Interview A user guide to the data Version 1 May 2009 Authors: Kelly Ward, Jibby Medina, Maggie Mo and Kate Cox UK Data Archive Study Number 5050 - English Longitudinal Study of Ageing 2 CONTENTS 1 INTRODUCTION"
"04_研究报告","04_研究报告\Wave_03\ELSA - Wave 3 report.pdf","3","Complete_study_documentation_-_Wave_3\ELSA - Wave 3 report.pdf","fc21d50e68269377b106c2db9d8f80c008bd9a2b5d52144b068f38e5375203e1","Living in the 21 st century: older people in England THE 2006 ENGLISH LONGITUDINAL STUDY OF AGEING (WAVE 3) July 2008 James Banks Matt Barnes David Blane Elizabeth Breeze Noriko Cable Kate Cox Panayotes Demakakos Cesar de Oliveira Carl Emme"
"05_辅助材料","05_辅助材料\Wave_03\ELSA_Advance_Letter_W3.pdf","3","Complete_study_documentation_-_Wave_3\ELSA_Advance_Letter_W3.pdf","a6a5720d13659a3c347783639e37ea1d8e5d4670a914676fffae58c4e5379ef1","P2496/Original Health and lifestyles of people aged 50 and over Some time ago, you kindly helped us with the second stage of a new study about ageing. It was conducted by the National Centre for Social Research jointly with academic researc"
"01_原始问卷与记录表","01_原始问卷与记录表\Wave_03\ELSA_Cognitive_Booklet_W3.pdf","3","Complete_study_documentation_-_Wave_3\ELSA_Cognitive_Booklet_W3.pdf","05b1feb669b748d30c0a83b01efc34fe2e227e23e5335874ca8a9fcbfbd0c230","P2496 Serial number Ck PerNo First name: Health and lifestyles of people aged 50 and over COGNITIVE MODULE - INTERVIEWER RECORDING BOOKLET Word List – First Recall Please write down the words the respondent recalls in the space provided: • "
"05_辅助材料","05_辅助材料\Wave_03\ELSA_HES_DWP_Consent_W3.pdf","3","Complete_study_documentation_-_Wave_3\ELSA_HES_DWP_Consent_W3.pdf","4c6732de8d22b9b7af618ef2c06432129230047dde19be862f8ea21cc194fd99","Serial number Ckl PerNo CCC222 RETURN TOP COPY TO OFFICE, BOTTOM COPY FOR PARTICIPANT P2496 Health and lifestyles of people aged 50 and over We have asked about your health and economic circumstances. To make this information complete we wo"
"05_辅助材料","05_辅助材料\Wave_03\ELSA_HES_DWP_Consent_Withdrawal_W3.pdf","3","Complete_study_documentation_-_Wave_3\ELSA_HES_DWP_Consent_Withdrawal_W3.pdf","16cabadd0d358fb092604501b46d2eb0cb0141cbec98dd534f25c729fc48a75f","Serial number CKL PerNo CCC333 RETURN TOP COPY TO OFFICE, KEEP BOTTOM COPY P2496 Health and lifestyles of people aged 50 and over Consent Withdrawal Form In a past ELSA interview we asked about your health and economic circumstances. Our re"
"03_专题材料","03_专题材料\生命史\ELSA_Life_History_Advance_Letter_W3.pdf","3","Complete_study_documentation_-_Wave_3\ELSA_Life_History_Advance_Letter_W3.pdf","e94418e7c99185cf84d2e952c82df3195a37bddaa51178f1fb9d510eb7302023","Dear <W3Title><W3Name_2>, Spring 2007 Health and lifestyles of people aged 50 and over You recently very kindly helped us with the third stage of the English Longitudinal Study of Ageing (ELSA). This st udy is conducted by the National Cent"
"03_专题材料","03_专题材料\生命史\ELSA_Life_History_Appointment_Card_W3.pdf","3","Complete_study_documentation_-_Wave_3\ELSA_Life_History_Appointment_Card_W3.pdf","386846ccb37638476fe2368faab356873aa67f7b6b2e96de6ad0b31633beff53","ELSA Life History Study Appointment card Serial number Name Thank you for agreeing to take part in the life history interview. Your interviewer will call on you on (date) at (time) The life history interview is a new part of the ELSA study "
"03_专题材料","03_专题材料\生命史\ELSA_Life_History_Key_Card_W3.pdf","3","Complete_study_documentation_-_Wave_3\ELSA_Life_History_Key_Card_W3.pdf","48d4aad1fd099c2aa2da97dc40084a8e797a7c762f9198e9944033b89e36f939","LIFE HISTORY KEY CARD <Ctrl> <E> To edit an event, place the cursor in the coloured square of the event you wish to change. Press <Ctrl> + <E> (this will take you to the first question in the loop of that event). Once the event is edited, p"
"03_专题材料","03_专题材料\生命史\ELSA_Life_History_Self-comp_Questionnaire_W3.pdf","3","Complete_study_documentation_-_Wave_3\ELSA_Life_History_Self-comp_Questionnaire_W3.pdf","733a3176eb7563046cf35db2c786d73e4cb58c233027716cb2a3866ef47942f8","Health and lifestyles of people aged 50 and over Life History Self-Completion Questionnaire In Conﬁdence P2596 HOW TO FILL IN THIS QUESTIONNAIRE Please answer the questions by: Ticking a box like this Or writing a number in a box like this "
"03_专题材料","03_专题材料\生命史\ELSA_Life_History_Showcards_W3.pdf","3","Complete_study_documentation_-_Wave_3\ELSA_Life_History_Showcards_W3.pdf","577ad50bcb00bb2e5ed6061bd14f8779bc9984d9559567579120dcaa97bfb7e4","LIFE HISTORY INTERVIEW (ELSA - P2596) SHOWCARDS P2596 Rcrel CARD RC1 1 Natural son/daughter 2 Adopted son/daughter 3 Foster son/daughter 4 Step son/daughter/child of partner 95 Other P2596 RAlis CARD RA1 1 Lived in a children’s home 2 Been "
"05_辅助材料","05_辅助材料\Wave_03\ELSA_Newsletter_W3.pdf","3","Complete_study_documentation_-_Wave_3\ELSA_Newsletter_W3.pdf","47f39e7d00f7fbc2008fa136e25a1586c8b0aec6f088290e5783fec032228247","UPDATE Study findings make a difference Welcome to this second ELSA Update. We bring you news and a preview of the fascinating findings emerging from the English Longitudinal Study of Ageing, which follows the health and lifestyles of peopl"
"05_辅助材料","05_辅助材料\Wave_03\ELSA_NHSCR_Consent_W3.pdf","3","Complete_study_documentation_-_Wave_3\ELSA_NHSCR_Consent_W3.pdf","3a248aed0b404069329654890114db285a759687d24f23eaa41cd65100d3443c","Serial number CKL PerNo C1 RETURN TOP COPY TO OFFICE, BOTTOM COPY FOR PARTICIPANT P2496 Health and lifestyles of people aged 50 and over • The NHS Central Register lists all the peopl e in the country and their National Health Service (NHS)"
"01_原始问卷与记录表","01_原始问卷与记录表\Wave_03\ELSA_Questionnaire_W3.pdf","3","Complete_study_documentation_-_Wave_3\ELSA_Questionnaire_W3.pdf","68d3898956f55bc6a046ba69de1f2a3d629a3b4f2d60b82e495f8106eeff21d5","English Longitudinal Study of Ageing Wave Three Interview Questionnaire – 2006-2007 Draft Version 1.0 - October 2006 UK Data Archive Study Number 5050 - English Longitudinal Study of Ageing IMPORTANT INFORMATION ABOUT THE PAPER VERSION OF T"
"01_原始问卷与记录表","01_原始问卷与记录表\Wave_03\ELSA_Self-comp_Health_W3.pdf","3","Complete_study_documentation_-_Wave_3\ELSA_Self-comp_Health_W3.pdf","2a84eeea53ad58f4ae8ec4e22c2f16bbd21c8d30c9f39a28e685eec6373ccd15","Health and lifestyles of people aged 50 and over Health Self-Completion Questionnaire In Conﬁdence P2496/GREEN HOW TO FILL IN THIS QUESTIONNAIRE Please answer the questions by: Ticking a box like this HOW TO RETURN THIS QUESTIONNAIRE If the"
"01_原始问卷与记录表","01_原始问卷与记录表\Wave_03\ELSA_Self-comp_Questionnaire_W3.pdf","3","Complete_study_documentation_-_Wave_3\ELSA_Self-comp_Questionnaire_W3.pdf","1e469e6db7ef4f1e4308f28d5d2d04bb9bd336b6d1db1212dc1b15a5538de18c","Health and lifestyles of people aged 50 and over Self-Completion Questionnaire In Conﬁdence P2496/BLUE HOW TO FILL IN THIS QUESTIONNAIRE Please answer the questions by: Ticking a box like this Or writing a number in a box like this Sometime"
"01_原始问卷与记录表","01_原始问卷与记录表\Wave_03\ELSA_Self-comp_Work_W3.pdf","3","Complete_study_documentation_-_Wave_3\ELSA_Self-comp_Work_W3.pdf","0f5f90eadfc6be700f48e6562b02c9aa55766da2b2ac78ec568b8d99add08b72","Health and lifestyles of people aged 50 and over Work Self-Completion Questionnaire In Conﬁdence P2496/YELLOW HOW TO FILL IN THIS QUESTIONNAIRE Please answer the questions by: Ticking a box like this HOW TO RETURN THIS QUESTIONNAIRE If the "
"05_辅助材料","05_辅助材料\Wave_03\ELSA_Survey_Leaflet_W3.pdf","3","Complete_study_documentation_-_Wave_3\ELSA_Survey_Leaflet_W3.pdf","84432c9c94decb2ed5553869f560e97193b11e5ef6986a6da48d44975ab46248","Is the study confidential? We always take great care to protect the confidentiality of the information you give us. The study results will never be in a form that can reveal your identity. Your name and address will only be known to the res"
"02_定义与方法依据","02_定义与方法依据\Wave_04\5050_wave_4_technical_report.pdf","4","Complete_study_documentation_-_Wave_4\5050_wave_4_technical_report.pdf","9860c0c166372416cf6130b95fa8cca36c3700336dcdec0edbba089620f25647","Financial circumstances, health and well-being of the older population in England: The 2008 English Longitudinal Study of Ageing Technical Report Authors: Hayley Cheshire, David Hussey, Jibby Medina, Kevin Pickering, Natasha Wood, Kelly War"
"04_研究报告","04_研究报告\Wave_04\ELSA - Wave 4 report.pdf","4","Complete_study_documentation_-_Wave_4\ELSA - Wave 4 report.pdf","2b2a358c38699a5ea9b427a7903836c77602daf81cc1e6a97953d2abed749aca"," Financial circumstances, health and wellbeing of the older population in England. The 2008 English Longitudinal Study of Ageing (Wave 4) This fourth report from the English Longitudinal Study of Aging (ELSA) comes at a time of considerabl"
"05_辅助材料","05_辅助材料\Wave_04\ELSA_Advance_Letter_W4.pdf","4","Complete_study_documentation_-_Wave_4\ELSA_Advance_Letter_W4.pdf","6972dc084948f60ec0709e7c1a7e8572ae4644e9dc1960380c6a1423937bcdf0","<Title Name Surname> <address1> <address2> <address3> <address4> <address5> <postcode> Our ref: P2158 / Point/ HHsn Ckl Pno Dear <Title> <Surname>, Health and lifestyles of people aged 50 and over Some time ago, you kin dly took part in the"
"01_原始问卷与记录表","01_原始问卷与记录表\Wave_04\ELSA_Cognitive_Booklet_W4.pdf","4","Complete_study_documentation_-_Wave_4\ELSA_Cognitive_Booklet_W4.pdf","0861743ead347b7c1bff4b27329abce889af9be7a0b68104fd13de4ace1d36f2","P2796 Serial number Ck PerNo First name: Health and lifestyles of people aged 50 and over COGNITIVE MODULE - INTERVIEWER RECORDING BOOKLET Word List – First Recall Please write down the words the respondent recalls in the space provided: • "
"05_辅助材料","05_辅助材料\Wave_04\ELSA_DNA_Sample_Leaflet_W4.pdf","4","Complete_study_documentation_-_Wave_4\ELSA_DNA_Sample_Leaflet_W4.pdf","78019a2e34f94731e510bb9e75834c367a6296090440c8f68ffce0b372d49c7d","Health and lifestyles of people aged 50 and over A study of the population aged 50 and over in England Information about donating a blood sample for genetic (DNA) studies This leaflet tells you about the collection of genetic material as pa"
"03_专题材料","03_专题材料\临终访谈\ELSA_End_of_Life_Questionnaire_W4.pdf","4","Complete_study_documentation_-_Wave_4\ELSA_End_of_Life_Questionnaire_W4.pdf","304bfae3d4ce91eaa7ff2b8c23de9899445587e93cffe8671fd344bcb583e248","P2158 Health and Lifestyles - Exit interview SERIAL Serial Number Range: 1..9999999999 [Don't Know and Refusal are not allowed] FIRST INTERVIEWER: For your information:.. You are in the questionnaire for serial number [Serial] - To enter th"
"05_辅助材料","05_辅助材料\Wave_04\ELSA_HES_DWP_Consent_W4.pdf","4","Complete_study_documentation_-_Wave_4\ELSA_HES_DWP_Consent_W4.pdf","21e8042d1139b8ebbca2fb60adc0cab2de7fe98c3b1efd61fdcb6fdb08878752","Serial number Ckl PerNo RETURN TOP COPY TO OFFICE, BOTTOM COPY FOR PARTICIPANT P2796 Health and lifestyles of people aged 50 and over We have asked about your health and economic circumstances. To make this information complete we would lik"
"05_辅助材料","05_辅助材料\Wave_04\ELSA_HES_DWP_Consent_Withdrawal_W4.pdf","4","Complete_study_documentation_-_Wave_4\ELSA_HES_DWP_Consent_Withdrawal_W4.pdf","c5a45f4199f17dc7d93a3af768942d790ba5f9d354f1257f34f861e0e74bff13","Serial number CKL PerNo RETURN TOP COPY TO OFFICE, KEEP BOTTOM COPY P2796 Health and lifestyles of people aged 50 and over Consent Withdrawal Form In a past ELSA interview we asked about your health and economic circumstances. Our records s"
"05_辅助材料","05_辅助材料\Wave_04\ELSA_Newsletter_W4.pdf","4","Complete_study_documentation_-_Wave_4\ELSA_Newsletter_W4.pdf","d56940e7829235185b0d14ffc64b674f410498b27c212bc83e90a56c6b03dacf","UPDATE Welcome to a new update bringing you news about the English Longitudinal Study of Ageing (ELSA) which follows the health and lifestyles of people aged 50-plus and their partners. It is an exciting time when we are getting ready to pr"
"05_辅助材料","05_辅助材料\Wave_04\ELSA_NHSCR_Consent_W4.pdf","4","Complete_study_documentation_-_Wave_4\ELSA_NHSCR_Consent_W4.pdf","9651deeda830aedc0a1e8f1b51148ac246784bffef8d55aeebec14aa898e4721","Serial number CKL PerNo RETURN TOP COPY TO OFFICE, BOTTOM COPY FOR PARTICIPANT P2796 Health and lifestyles of people aged 50 and over • The NHS Central Register lists all the peopl e in the country and their National Health Service (NHS) nu"
"05_辅助材料","05_辅助材料\Wave_04\ELSA_Nurse_Consent_Booklet_W4.pdf","4","Complete_study_documentation_-_Wave_4\ELSA_Nurse_Consent_Booklet_W4.pdf","46a4928bf899890cbf74761cdafa3d71ec0d6995c837691061063e57b3a0dd8b","1 P2796 V2 Health and lifestyles of people aged 50 and over CONSENT BOOKLET Please use capital letters and write in ink NAME/ADDRESS – WRITE IN: ATTACH SERIAL NUMBER BAR CODE LABEL: RESPONDENT NAME: ADDRESS: POSTCODE: DAY MONTH YEAR 1. Nurs"
"05_辅助材料","05_辅助材料\Wave_04\ELSA_Nurse_Leaflet_W4.pdf","4","Complete_study_documentation_-_Wave_4\ELSA_Nurse_Leaflet_W4.pdf","c25e253f7d3ed6a667b47a096b652ceb8ebffb73972c0af6fcd109d3601da01d","Health and lifestyles of people aged 50 and over This leaflet tells you more about the second part of the survey which involves a nurse visit This survey is being carried out by the National Centre for Social Research jointly with academic "
"01_原始问卷与记录表","01_原始问卷与记录表\Wave_04\ELSA_Nurse_Questionnaire_W4.doc","4","Complete_study_documentation_-_Wave_4\ELSA_Nurse_Questionnaire_W4.doc","5273bcf833117db31ef29d1c4f936b973bd48defa71c50ccb386069c9d981edb","DOC正文含NURSE问卷题目、条件跳转和检查附录说明；仅核对可提取文本。"
"01_原始问卷与记录表","01_原始问卷与记录表\Wave_04\ELSA_Questionnaire_W4.pdf","4","Complete_study_documentation_-_Wave_4\ELSA_Questionnaire_W4.pdf","edb2aee5519bbf8ce1ad705d9886e4aae250ff154950ebff217168f44ec656c7","UK Data Archive Study Number 5050 - English Longitudinal Study of Ageing English Longitudinal Study of Ageing Wave Four Interview Questionnaire – 2008-2009 Draft Version 1.0 – December 2009 IMPORTANT INFORMATION ABOUT THE PAPER VERSION OF T"
"01_原始问卷与记录表","01_原始问卷与记录表\Wave_04\ELSA_Self-comp_Questionnaire_W4.pdf","4","Complete_study_documentation_-_Wave_4\ELSA_Self-comp_Questionnaire_W4.pdf","29dcaf907390452b2bc9f1b7a7fba00768907ca1dbe61dad8a0a7cb176f9dafc","Health and lifestyles of people aged 50 and over Self-Completion Questionnaire In Conﬁdence P2796 HOW TO FILL IN THIS QUESTIONNAIRE Please answer the questions by: Ticking a box like this Or writing a number in a box like this Sometimes you"
"05_辅助材料","05_辅助材料\Wave_04\ELSA_Survey_Leaflet_W4.pdf","4","Complete_study_documentation_-_Wave_4\ELSA_Survey_Leaflet_W4.pdf","644fc702a8c78e42da92607e5895ee6d647338e02cf8d896d6099357b25f19a6","• Department of Epidemiology and Public Health, University College London • Institute for Fiscal Studies • Cambridge University Is the study confidential? We always take great care to protect the confidentiality of the information you give "
"02_定义与方法依据","02_定义与方法依据\Wave_04\wave_4_nurse_dataset.pdf","4","Complete_study_documentation_-_Wave_4\wave_4_nurse_dataset.pdf","f6e5a2c8bf757126b8b58ba0885ba9e1b8d2da7d81b2e2773b2f20dcfc4d5a8f","English Longitudinal Study of Ageing (ELSA), Wave 4 Nurse Dataset User Guide Version 1 Authors: Susan Nunn, Maggie Mo, David Hussey 1 Introduction.............................................................................................."
"02_定义与方法依据","02_定义与方法依据\Wave_05\5050_elsa_w5_technical_report_v1.pdf","5","Complete_study_documentation_-_Wave_5\5050_elsa_w5_technical_report_v1.pdf","ac6ed31ae3fc291f077e70835fa24ecbb4d2f6009eda80d9f82adb2a85dfbf99","The dynamics of ageing: The 2010 English Longitudinal Study of Ageing (Wave 5) Technical Report Authors: Margaret Blake Sally Bridges, David Hussey, Dhriti Mandalia Date: May 2015 UK Data Archive Study Number 5050 - English Longitudinal Stu"
"02_定义与方法依据","02_定义与方法依据\Wave_05\5050_Wave_5_Derived_Variables_User_Guide.pdf","5","Complete_study_documentation_-_Wave_5\5050_Wave_5_Derived_Variables_User_Guide.pdf","06ee7205a92ec48550e4433160e0d0a41dd5f94d3590133ee76c19347e5b9982","ELSA Wave 5 - Derived Variables, Version 1 User Guide Authors: Kate Cox, Claire Deverill, Susan Nunn, Dan Philo, Marie Sanchez UK Data Archive Study Number 5050 - English Longitudinal Study of Ageing 1 Introduction ........................."
"01_原始问卷与记录表","01_原始问卷与记录表\Wave_05\5050_wave_5_questionnaire.pdf","5","Complete_study_documentation_-_Wave_5\5050_wave_5_questionnaire.pdf","19f33913dafe5f3a9e277c20ba7ed0d97a4045da345ccf479d6231e25895c8b0","English Longitudinal Study of Ageing Wave Five Interview Questionnaire – 2010 to 2011 Prepared by NatCen Version 1.0 AUGUST 2012 UK Data Archive Study Number 5050 - English Longitudinal Study of Ageing Contents 1 HOUSEHOLD DEMOGRAPHICS MODU"
"04_研究报告","04_研究报告\Wave_05\ELSA - Wave 5 report.pdf","5","Complete_study_documentation_-_Wave_5\ELSA - Wave 5 report.pdf","071d7f6043b8dd92279e41a81e3b07485353a9a6b133099052bf6fcb2d0ceb3d","In association with: The Dynamics of Ageing Evidence from the English Longitudinal Study of Ageing 2002–10 (Wave 5)The Dynamics of Ageing Evidence from the English Longitudinal Study of Ageing 2002–10 The English Longitudinal Study of Agein"
"05_辅助材料","05_辅助材料\Wave_05\ELSA_Advance_Letter_W5.pdf","5","Complete_study_documentation_-_Wave_5\ELSA_Advance_Letter_W5.pdf","4adb4741e06a91bacd85b8c03ac44d3578ab70980d958f4fccf916b60183ccca","2010 Health and lifestyles of people aged 50 and over Some time ago, you kindly helped us with the fourth stage of the English Longitudinal Study of Ageing (ELSA). It was conducted by the National Centre for Social Research jointly with aca"
"01_原始问卷与记录表","01_原始问卷与记录表\Wave_05\ELSA_Cognitive_Booklet_W5.pdf","5","Complete_study_documentation_-_Wave_5\ELSA_Cognitive_Booklet_W5.pdf","cbaa49d8933c033797d18dc117fca42bf0524ea191ace848ec8678c08d719208","Serial number Ck PerNo First name: Health and lifestyles of people aged 50 and over COGNITIVE MODULE - INTERVIEWER RECORDING BOOKLET Word List – First Recall Please write down the words the respondent recalls in the space provided: • Do NOT"
"05_辅助材料","05_辅助材料\Wave_05\ELSA_HES_DWP_Consent_W5.pdf","5","Complete_study_documentation_-_Wave_5\ELSA_HES_DWP_Consent_W5.pdf","43fc42063ad19bd51e0b56a01c09e64d84d2762501126aadc2233140b8cd0427","Serial number Ckl PerNo F2 RETURN TOP COPY TO OFFICE, BOTTOM COPY FOR PARTICIPANT CONFIDENTIAL Health and lifestyles of people aged 50 and over We have asked about your health and economic circumstances. To make this information complete we"
"05_辅助材料","05_辅助材料\Wave_05\ELSA_HES_DWP_Consent_Withdrawal_W5.pdf","5","Complete_study_documentation_-_Wave_5\ELSA_HES_DWP_Consent_Withdrawal_W5.pdf","a9d2d66cf3ef477dbd7e183688278b0c167bf1c95069aa5e73ff3e77463b47f9","Serial number CKL PerNo F3 RETURN TOP COPY TO OFFICE, BOTTOM COPY FOR PARTICIPANT CONFIDENTIAL Health and lifestyles of people aged 50 and over Consent Withdrawal Form In a past ELSA interview we asked about your health and economic circums"
"05_辅助材料","05_辅助材料\Wave_05\ELSA_Mental_Capacity_Consent_W5.pdf","5","Complete_study_documentation_-_Wave_5\ELSA_Mental_Capacity_Consent_W5.pdf","0f695f4d1d53305ded64ffa67e39c5fba786831a08ea0aed44615d8b49746308","F7 RETURN TOP COPY TO OFFICE, BOTTOM COPY FOR PARTICIPANT Confidential Health and lifestyles of people aged 50 and over Respondent’s Name: ______________________________________ The above named person has previously participated in an impor"
"05_辅助材料","05_辅助材料\Wave_05\ELSA_Newsletter_W5.pdf","5","Complete_study_documentation_-_Wave_5\ELSA_Newsletter_W5.pdf","7a25d6fdf9b0255a962a5b4b8125e83918952e4d9a754ddd4415a1ca5506c2f5","Welcome to the latest update from the English Longitudinal Study of Ageing (ELSA). We bring you news and a preview of the fascinating findings emerging from ELSA, which follows the health and lifestyles of people aged 50-plus and their part"
"05_辅助材料","05_辅助材料\Wave_05\ELSA_NHSCR_Consent_W5.pdf","5","Complete_study_documentation_-_Wave_5\ELSA_NHSCR_Consent_W5.pdf","a30ae34eabb283ba84fd5a0f93525ce42e0a2b8ed3de2f931cced0e29bada797","Serial number CKL PerNo F1 RETURN TOP COPY TO OFFICE, BOTTOM COPY FOR PARTICIPANT CONFIDENTIAL Health and lifestyles of people aged 50 and over • The NHS Central Register lists all the people in the country and their National Health Service"
"03_专题材料","03_专题材料\风险偏好\ELSA_Risk_Instructions_W5.pdf","5","Complete_study_documentation_-_Wave_5\ELSA_Risk_Instructions_W5.pdf","bd3ef10a7a30ff951c31049c40589e7f4fb0c1a2920e47048bc17ee6ed2fb178","ELSA Wave 5 Risk Module P2996 Self-Briefing SUMMARY OF RISK MODULE PROTOCOL..............................................................3 1. BACKGROUND AND INTRODUCTION...................................................................4 2."
"03_专题材料","03_专题材料\风险偏好\ELSA_Risk_Introduction_W5.pdf","5","Complete_study_documentation_-_Wave_5\ELSA_Risk_Introduction_W5.pdf","1bd99db19f3b146c36267f97d43eb30e160cd172b9a6a274bdbcdc7e791381aa","ELSA Wave 5 Risk Module (P2996) Why Introduce the Risk Module? Amongst academics, there is a large amount of interest in measuring attitudes towards risk and levels of deferred gratification (the willingness to wait in order to receive a gr"
"03_专题材料","03_专题材料\风险偏好\ELSA_Risk_Leaflet_W5.pdf","5","Complete_study_documentation_-_Wave_5\ELSA_Risk_Leaflet_W5.pdf","0eaf2af14853a9e109c7ad2b51a15e8252622ad893729170468a686df5ce0677","Health and lifestyles of people aged 50 and over This leaflet tells you about some new questions on attitudes to levels of risk taking when making decisions about money English Longitudinal Study of Ageing Wave 5-Risk leaflet-July 2010_ELSA"
"01_原始问卷与记录表","01_原始问卷与记录表\Wave_05\ELSA_Self-comp_Questionnaire_W5.pdf","5","Complete_study_documentation_-_Wave_5\ELSA_Self-comp_Questionnaire_W5.pdf","f96f4bdff73199a0d88ab3108ecac1b36871de2533a8d57fd033f97a01fee69f","Health and lifestyles of people aged 50 and over Self-Completion Questionnaire In Conﬁdence P2996/PINK HOW TO FILL IN THIS QUESTIONNAIRE Please answer the questions by: Ticking a box like this Or writing a number in a box like this Sometime"
"05_辅助材料","05_辅助材料\Wave_05\ELSA_Survey_Leaflet_W5.pdf","5","Complete_study_documentation_-_Wave_5\ELSA_Survey_Leaflet_W5.pdf","655eb50a1ed667b008044f23a2c147cce574f61c7e85bc99340cb2d7dc0079d0","health, economics and social research: • National Centre for Social Research (NatCen) • Department of Epidemiology and Public Health, University College London • Institute for Fiscal Studies • Cambridge University Is the study confidential?"
"02_定义与方法依据","02_定义与方法依据\Wave_06\5050_elsa_w6_technical_report_v1.pdf","6","Complete_study_documentation_-_Wave_6\5050_elsa_w6_technical_report_v1.pdf","941a9fb2a0753907ec1ae1e3f615f724f942f997c1907635d4c7dd2914f5d636","The dynamics of ageing: The 20 12 English Longitudinal Study of Ageing (Wave 6) Technical Report Authors: Sally Bridges, David Hussey, Margaret Blake Date: May 2015 UK Data Archive Study Number 5050 - English Longitudinal Study of Ageing Co"
"01_原始问卷与记录表","01_原始问卷与记录表\Wave_06\5050_elsa_wave_6_documentation.pdf","6","Complete_study_documentation_-_Wave_6\5050_elsa_wave_6_documentation.pdf","216b861a10ef33e7f6a809a8e7a3c653e67ab5e3ae462809b88894162cb62e18","1 English Longitudinal S tudy of Ageing Wave Six Interview Questionnaire – 2012 to 2013 P repared by NatCen Version 3.0 MARCH 2014 C ontents UK Data Archive Study Number 5050 - English Longitudinal Study of Ageing 2 1 HOUSEHOLD DEMOGRAPHICS"
"04_研究报告","04_研究报告\Wave_06\ELSA - Wave 6 report.pdf","6","Complete_study_documentation_-_Wave_6\ELSA - Wave 6 report.pdf","66eb66b12bb3623120c29055aef91c2ef20b3f66adfc41ebedc28e180dc8139c","Wave 6 In association with: The Dynamics of Ageing Evidence from the English Longitudinal Study of Ageing 2002 – 2012 (Wave 6)The Dynamics of Ageing Evidence from the English Longitudinal Study of Ageing 2002 – 2012 (Wave 6) The English Lon"
"05_辅助材料","05_辅助材料\Wave_06\ELSA_Advance_Letter_W6.pdf","6","Complete_study_documentation_-_Wave_6\ELSA_Advance_Letter_W6.pdf","e88f5871266ca1690999cce39d932047fb2de8bf2628730c7539a18e29b38db9","P3096/Exist/ Health and lifestyles of people aged 50 and over Some time ago, you kindly help ed us wi th a study about agein g. As you may recall, the English Longitudina l Study o f Ageing (ELSA), e xplores the he alth, lifestyles and fina"
"01_原始问卷与记录表","01_原始问卷与记录表\Wave_06\ELSA_Cognitive_Booklet_W6.pdf","6","Complete_study_documentation_-_Wave_6\ELSA_Cognitive_Booklet_W6.pdf","98fc8415e596059b9926cc70d88cbe5701d45a9b31262dcc2ff5eefadd6295b3","Head Office 35 Northampton Square London EC1V 0AX Charity no. 1091768 Operations Department Kings House 101-135 Kings Road Brentwood Essex CM14 4LX Telephone 01277 200 600 Fax 01277 214 117 P3096 Serial number Ck PerNo First name: Interview"
"05_辅助材料","05_辅助材料\Wave_06\ELSA_DNA_Sample_Leaflet_W6.pdf","6","Complete_study_documentation_-_Wave_6\ELSA_DNA_Sample_Leaflet_W6.pdf","45cdc23eb564cfcfe88fac64c58e524ae839ab9fc766c4adde1fad4b62365ee3","Information about donating a blood sample for genetic (DNA) studies This leaflet tells you about the collection of genetic material as part of the study and why it is being done. Health and lifestyles of people aged 50 and over English Long"
"02_定义与方法依据","02_定义与方法依据\Wave_06\ELSA_Drug_Codebook_W6.pdf","6","Complete_study_documentation_-_Wave_6\ELSA_Drug_Codebook_W6.pdf","51e9c6d7a40313a4a9414ef82c723106ee243321fbc9e1bf3abedfcd7abf8634","CODING PRESCRIBED MEDICINES FOR USE ON ALL NURSE SURVEYS TO BE USED WITH BNF 61 Version 12.3_BNF_61 1 Please note that some drugs have been given new codes. This is to separate different types of drugs, so they can be separated in analyses."
"03_专题材料","03_专题材料\临终访谈\ELSA_End_of_Life_Questionnaire_W6.pdf","6","Complete_study_documentation_-_Wave_6\ELSA_End_of_Life_Questionnaire_W6.pdf","0fd221a96176532ab9b1fd8d52a5df3bb8e3a1a282fc87390aa6c3c3661232a6","English Longitudinal Study of Ageing END OF LIFE Wave Six END OF LIFE Questionnaire – 2012 to 2013 Prepared by NatCen Version 2.0 MAY 2015 1 Contents About the respondent ....................................................................."
"05_辅助材料","05_辅助材料\Wave_06\ELSA_HES_DWP_Consent_W6.pdf","6","Complete_study_documentation_-_Wave_6\ELSA_HES_DWP_Consent_W6.pdf","67b87cda8fcfdc19b86a4eb748c5c8a6f0f63d7bfd6faeed2bff4c99f8b56cd3","Serial number Ckl PerNo Point No Health and lifestyles of people aged 50 and over We have asked about your health and economic circumstances. To make this information complete we would like to find out • more about your health and treatment"
"05_辅助材料","05_辅助材料\Wave_06\ELSA_HES_DWP_Consent_Withdrawal_W6.pdf","6","Complete_study_documentation_-_Wave_6\ELSA_HES_DWP_Consent_Withdrawal_W6.pdf","8d688e2b386035f962b7d9784ede0c51d16f1f82aa3d59a4870152ca4c5d8705","Serial numb Intervi CONFIDE RETURN TO 32_ELSA Conse er CKL PerNo ewer ID No Point No. NTIAL P COPY TO OFFICE, BOTTOM COPY FOR PARTICIPANT nt Withdrawal Form Health and lifestyles of people aged 50 and over Health and lifestyles of people ag"
"05_辅助材料","05_辅助材料\Wave_06\ELSA_Mental_Capacity_Consent_W6.pdf","6","Complete_study_documentation_-_Wave_6\ELSA_Mental_Capacity_Consent_W6.pdf","690a8b4e2333547b97890c7095804125905c6d9afbce8982550999b5c7fad973","Serial number Ckl PerNo PointNo Health and lifestyles of people aged 50 and over Respondent’s Name: ______________________________________ The above named person has previously participat ed in an important research project called t he Engl"
"05_辅助材料","05_辅助材料\Wave_06\ELSA_Newsletter_W6.pdf","6","Complete_study_documentation_-_Wave_6\ELSA_Newsletter_W6.pdf","8d3ef30a88bb67583a42d80078915c7ba4e92ae8938483f55f5ec6264470dbaf","ELSA’s Impact I Over the past five years ELSA data has been used in over 100 published studies around the world on a huge range of topics, from predictors of health and wellbeing for future generations to investigations into the economics o"
"05_辅助材料","05_辅助材料\Wave_06\ELSA_NHSCR_Consent_W6.pdf","6","Complete_study_documentation_-_Wave_6\ELSA_NHSCR_Consent_W6.pdf","c8742bc30f285049b0ac4a2c24584422a7a088861d9f1eaa4f7e56f75de163b9","Serial number CKL PerNo Interviewer ID No. Point No. CONFIDENTIAL 30_ELSA NHSCR & cancer registry consent form Health and lifestyles of people aged 50 and over  The Health and Social Care Information Centre lists all the people in the coun"
"05_辅助材料","05_辅助材料\Wave_06\ELSA_Nurse_Consent_Booklet_W6.pdf","6","Complete_study_documentation_-_Wave_6\ELSA_Nurse_Consent_Booklet_W6.pdf","d1266b0b121ff31e0c2f96d0a2504c879de6f460c80a57b3f0bfee7756ec7404","P8096 Health and lifestyles of people aged 50 and over CONSENT BOOKLET Please use capital letters and write in ink NAME/ADDRESS – WRITE IN: ATTACH SERIAL NUMBER BAR CODE LABEL: RESPONDENT NAME: ADDRESS: POSTCODE: DAY MO NTH YEAR 1. Nurse nu"
"05_辅助材料","05_辅助材料\Wave_06\ELSA_Nurse_Leaflet_W6.pdf","6","Complete_study_documentation_-_Wave_6\ELSA_Nurse_Leaflet_W6.pdf","2ba6edcb6056269a519073021c60ef64e9c521a75405cadb91d59b9501abde76","This leaflet tells you more about the second part of the survey which involves a nurse visit. This survey is being carried out by NatCen Social Research jointly with academic researchers from University College London, the Institute for Fis"
"01_原始问卷与记录表","01_原始问卷与记录表\Wave_06\ELSA_Nurse_Questionnaire_W6.pdf","6","Complete_study_documentation_-_Wave_6\ELSA_Nurse_Questionnaire_W6.pdf","45f2dda6536779b4aa6ea7c79de8d97b77271b0226b8726273f0caf707380148","1 English Longitudinal Study of Ageing (ELSA) Wave 6 nurse questionnaire Archived Version 1 – June 2014 2 IMPORTANT INFORMATION ABOUT THE PAPER VERSION OF THE QUESTIONNAIRE Variables omitted from the archived dataset @ - This means that the"
"01_原始问卷与记录表","01_原始问卷与记录表\Wave_06\ELSA_Questionnaire_W6.pdf","6","Complete_study_documentation_-_Wave_6\ELSA_Questionnaire_W6.pdf","7ede88ffbe0837e04eafea7892f284b763f5848d9a0143c2456fcd188b7d23b7","1 English Longitudinal Study of Ageing Wave Six Interview Questionnaire – 2012 to 2013 Prepared by NatCen Version 3.0 MARCH 2014 Contents 2 1 HOUSEHOLD DEMOGRAPHICS MODULE (HD) ..............................................................3"
"01_原始问卷与记录表","01_原始问卷与记录表\Wave_06\ELSA_Self-comp_Questionnaire_W6.pdf","6","Complete_study_documentation_-_Wave_6\ELSA_Self-comp_Questionnaire_W6.pdf","512ea9b4bc0f19a4191c62214edd518ca4163b2b46c51c52915ea82d6d9df8a8","HEALTH AND LIFESTYLES OF PEOPLE AGED 50 AND OVER Self-Completion questionnaire In Conﬁ dence HOW TO FILL IN THIS QUESTIONNAIRE Please answer the questions by: HOW TO RETURN THIS QUESTIONNAIRE If the interviewer is still in your home (or wil"
"01_原始问卷与记录表","01_原始问卷与记录表\Wave_06\ELSA_Self-comp_Sex_W6_Female.pdf","6","Complete_study_documentation_-_Wave_6\ELSA_Self-comp_Sex_W6_Female.pdf","8481271964a74132540ba69221d7f47113b2e64313128ea049161ebfef399843","F SEXUAL RELATIONSHIPS AND ACTIVITIES Self-Completion questionnaire for women In Conﬁ dence INTRODUCTION This booklet contains questions that ask about your attitudes to sexual relationships and your own sexual activities. Some questions ma"
"01_原始问卷与记录表","01_原始问卷与记录表\Wave_06\ELSA_Self-comp_Sex_W6_Male.pdf","6","Complete_study_documentation_-_Wave_6\ELSA_Self-comp_Sex_W6_Male.pdf","6719d25f343528497a7954f656333a2740af1815321ce3e65051993906873356","M SEXUAL RELATIONSHIPS AND ACTIVITIES Self-Completion questionnaire for men In Conﬁ dence INTRODUCTION This booklet contains questions that ask about your attitudes to sexual relationships and your own sexual activities. Some questions may "
"05_辅助材料","05_辅助材料\Wave_06\ELSA_Survey_Leaflet_W6.pdf","6","Complete_study_documentation_-_Wave_6\ELSA_Survey_Leaflet_W6.pdf","a87451d1f0b4e3cbf0dd1e9a864fe2a558a16661d1b3548dc1e4cd6ff187d197","Who is carrying out the study? The study is being carried out by some of Britain’s leading research organisations in health, economics and social research: • NatCen Social Research • Department of Epidemiology and Public Health, University "
"01_原始问卷与记录表","01_原始问卷与记录表\Wave_07\5050_elsa_wave_7_questionnaires.pdf","7","Complete_study_documentation_-_Wave_7\5050_elsa_wave_7_questionnaires.pdf","14091caaf2d4211da177c8cc5fd9a630881d28e158dae15d5229215ac0423c72","1 English Longitudinal Study of Ageing Wave Seven Interview Questionnaire – 2014 to 2015 Prepared by NatCen Version 0.1 July 2015 2 Contents 1 HOUSEHOLD DEMOGRAPHICS MODULE (HD) .............................................................."
"04_研究报告","04_研究报告\Wave_07\ELSA - Wave 7 report.pdf","7","Complete_study_documentation_-_Wave_7\ELSA - Wave 7 report.pdf","535d94cfe1c164c360df22aa385aff9105067be26dd3fd011b73929783b08f98","Wave 7 In association with: The Dynamics of Ageing Evidence from the English Longitudinal Study of Ageing 2002 – 15 (Wave 7)The Dynamics of Ageing Evidence from the English Longitudinal Study of Ageing 2002 – 15 (Wave 7) The English Longitu"
"05_辅助材料","05_辅助材料\Wave_07\ELSA_Advance_Letter_W7.pdf","7","Complete_study_documentation_-_Wave_7\ELSA_Advance_Letter_W7.pdf","f8fbd88a8fa1d0baff9c24a2ab214c8d545621674577b91cc61822bc12ea0acd","We’ll be calling again soon NAME ADDRESS1 ADDRESS2 ADDRESS3 ADDRESS4 ADDRESS5 POSTCODE Why you are so important to us Without the ongoing commitment of people like you, ELSA could not continue. Last time we asked, 8 out of 10 people in the "
"01_原始问卷与记录表","01_原始问卷与记录表\Wave_07\ELSA_Cognitive_Booklet_W7.pdf","7","Complete_study_documentation_-_Wave_7\ELSA_Cognitive_Booklet_W7.pdf","d815bfe5a91fb621e2ab16da64d85ad060cc12dde28f0b09b5b4a79a31a1a599","21_WV7_MS_ELSA_Cognitive_Function_Booklet Serial number Ck PerNo First name: Interviewer ID No. Point No. ELSA 50+ H EALTH & LIFE COGNITIVE MODULE - INTERVIEWER RECORDING BOOKLET Word List – First Recall Please write down the words the resp"
"05_辅助材料","05_辅助材料\Wave_07\ELSA_Data_Linkage_Consent_W7.pdf","7","Complete_study_documentation_-_Wave_7\ELSA_Data_Linkage_Consent_W7.pdf","c2f93679c2232d447bba991f897404f8c2ae0d1fbe1e9150f0a0ee21284c19e2","Data Flow Health & Economic Data Your Answers Survey Questions Name, Address, Sex, Date of Birth Name, Address, Sex, Date of Birth Survey Questions + Health/Economic Records Health/Economic Records ANONYMOUS Survey Questions + Health/Econom"
"05_辅助材料","05_辅助材料\Wave_07\ELSA_HES_DWP_Consent_W7.pdf","7","Complete_study_documentation_-_Wave_7\ELSA_HES_DWP_Consent_W7.pdf","2e41b32592a438b98e5b42a6bf6b690778e7957ff1a14ded90c109cfc16b3504","Consent form: Health and economic records We have asked about your health and economic circumstances. To make this information complete we would like to find out • more about your health and treatment from NHS health records and, • more abo"
"05_辅助材料","05_辅助材料\Wave_07\ELSA_HES_DWP_Consent_Withdrawal_W7.pdf","7","Complete_study_documentation_-_Wave_7\ELSA_HES_DWP_Consent_Withdrawal_W7.pdf","26db25d3b97d92393850a82d82489dfe5a10e4c95524fc754aa122846ddf0365","Please indicate which consent you wish to withdraw by putting your initials in the appropriate box(es) below. Withdrawing your consent will mean that your information will not be made available in the future to anyone wishing to carry out a"
"05_辅助材料","05_辅助材料\Wave_07\ELSA_Mental_Capacity_Consent_W7.pdf","7","Complete_study_documentation_-_Wave_7\ELSA_Mental_Capacity_Consent_W7.pdf","e1044f16934cf9735dcbb415521edbfcfab7a98f95b641fa0c16e349b0e068b7","50+ Health & Life Consultee Declaration Form Information Classification: Level 3 RETURN TOP COPY TO OFFICE, BOTTOM COPY FOR PARTICIPANT Respondent’s Name: ______________________________________ The above named person has previously particip"
"05_辅助材料","05_辅助材料\Wave_07\ELSA_Newsletter_W7.pdf","7","Complete_study_documentation_-_Wave_7\ELSA_Newsletter_W7.pdf","74f8bbc5358e0dbf942c741b3750a3c2c39734357292e0917ab6cba530f0a4f5","About ELSA - 50+ Health & Life Turning 50 isn’t quite like it was half a century ago. And neither is turning 60, 70, 80 or more. As life expectancy has sharply increased over the last half century, the lives of people over 50, and their fam"
"05_辅助材料","05_辅助材料\Wave_07\ELSA_NHSCR_Consent_W7.pdf","7","Complete_study_documentation_-_Wave_7\ELSA_NHSCR_Consent_W7.pdf","1f29a8693c27850bda7bc1e4186da4a6b5d8607e6c427c701f51f1de8a65c069","Consent Form: Health & Social Care Information Centre • The Health and Social Care Information Centre lists all the people in the country and their National Health Service (NHS) number. • We would like to ask for your consent for us to send"
"05_辅助材料","05_辅助材料\Wave_07\ELSA_Primary_Care_Consent_Withdrawal_W7.pdf","7","Complete_study_documentation_-_Wave_7\ELSA_Primary_Care_Consent_Withdrawal_W7.pdf","a538a77f35d9b3b7213a9129423132bca48e45421971543fb9dd67af9bd89c52","Consent withdrawal form: Primary Care records In a past ELSA interview we asked about your health and economic circumstances. Our records show that you previously gave us your consent to find out more about your health and treatment from NH"
"05_辅助材料","05_辅助材料\Wave_07\ELSA_Primary_Health_Care_Consent_W7.pdf","7","Complete_study_documentation_-_Wave_7\ELSA_Primary_Health_Care_Consent_W7.pdf","da9a2a94aa7a2c64325e17c7ec95fc97a755ae622500f8afbf868ccfea36fdc8","Consent form: Primary Care records We have asked about your health and economic circumstances. To make this information complete we would like to find out more about your health and treatment from NHS primary health care records (about doct"
"01_原始问卷与记录表","01_原始问卷与记录表\Wave_07\ELSA_Questionnaire_W7.pdf","7","Complete_study_documentation_-_Wave_7\ELSA_Questionnaire_W7.pdf","36538d884dd6a6ef1941457270a6aa03b0e08098d1459b2cc69780c0d1696b3a","1 English Longitudinal Study of Ageing Wave Seven Interview Questionnaire – 2014 to 2015 Prepared by NatCen Version 0.1 July 2015 2 Contents 1 HOUSEHOLD DEMOGRAPHICS MODULE (HD) ................................ ............................."
"01_原始问卷与记录表","01_原始问卷与记录表\Wave_07\ELSA_Self-comp_Questionnaire_W7_V1.pdf","7","Complete_study_documentation_-_Wave_7\ELSA_Self-comp_Questionnaire_W7_V1.pdf","c6092890c024e199159ad884fd42bc7ddf98f02e28b1ea73e1171218386da103","HEALTH AND LIFESTYLES OF PEOPLE AGED 50 AND OVER Self-Completion questionnaire In Confidence HOW TO FILL IN THIS QUESTIONNAIRE Please answer the questions by: HOW TO RETURN THIS QUESTIONNAIRE If the interviewer is still in your home (or wil"
"01_原始问卷与记录表","01_原始问卷与记录表\Wave_07\ELSA_Self-comp_Questionnaire_W7_V2.pdf","7","Complete_study_documentation_-_Wave_7\ELSA_Self-comp_Questionnaire_W7_V2.pdf","336426e77996e839d3909c3d8bfaf6bdb6993816ab80e4f90920bb66898daada","HEALTH AND LIFESTYLES OF PEOPLE AGED 50 AND OVER Self-Completion questionnaire In Confidence HOW TO FILL IN THIS QUESTIONNAIRE Please answer the questions by: HOW TO RETURN THIS QUESTIONNAIRE If the interviewer is still in your home (or wil"
"05_辅助材料","05_辅助材料\Wave_07\ELSA_Survey_Leaflet_W7.pdf","7","Complete_study_documentation_-_Wave_7\ELSA_Survey_Leaflet_W7.pdf","30feac5545aec4965f1c037836d8af8380fe835afaee8a15702d4380db699da6","Find out more about the study and the impact it is having on the lives of people across the country. Who is carrying out the research? NatCen Social Research is carrying out the study alongside some of the UK’s leading research organisation"
"04_研究报告","04_研究报告\Wave_08\ELSA - Wave 8 report.pdf","8","Complete_study_documentation_-_Wave_8\ELSA - Wave 8 report.pdf","1f3a9ce84d2299397e0d121557c68ccf258788d451903635faa5417e93c44ca4","The Dynamics of Ageing EVIDENCE FROM THE ENGLISH LONGITUDINAL STUDY OF AGEING 2002–16 (WAVE 8) October 2018 Jessica Abell Neil Amin-Smith James Banks G. David Batty Josiane Breeden Tine Buffel Dorina Cadar Rowena Crawford Panayotes Demakako"
"05_辅助材料","05_辅助材料\Wave_08\ELSA_Advance_Letter_W8.pdf","8","Complete_study_documentation_-_Wave_8\ELSA_Advance_Letter_W8.pdf","be064511eeb0cbe6b2bc52e5ba1f31e9bbbd1d4a172f109b4419be15ec4f900c","We’ll be calling again soon TITLE NAME SURNAME ADD1 ADD2 ADD3 ADD4 ADDPC Why you are so important to us Without the ongoing commitment of people like you, ELSA could not continue. Last time we asked, 8 out of 10 people in the study agreed t"
"05_辅助材料","05_辅助材料\Wave_08\ELSA_Blood_Sample_Leaflet_W8.pdf","8","Complete_study_documentation_-_Wave_8\ELSA_Blood_Sample_Leaflet_W8.pdf","a8bb481554d13aa90bfe8490e37ecf6cde4521628bf13c0fba5fdcef00ccc250","Why do you need to take a blood sample? The analysis of the blood samples will tell us a lot about the health of people aged over 50 in England. It adds importantly to the information you have already given us. Your survey nurse will explai"
"01_原始问卷与记录表","01_原始问卷与记录表\Wave_08\ELSA_Cognitive_Booklet_W8.pdf","8","Complete_study_documentation_-_Wave_8\ELSA_Cognitive_Booklet_W8.pdf","afb343804324e3ddcdcb5895369072903a59ec9d9bec456bbfd8d7dfd5e95346","Serial number Ck PerNo First name: Interviewer ID No. Point No. ELSA 50+ HEALTH & LIFE COGNITIVE MODULE - INTERVIEWER RECORDING BOOKLET Word List – First Recall Please write down the words the respondent recalls in the space provided: Do NO"
"05_辅助材料","05_辅助材料\Wave_08\ELSA_Data_Linkage_Consent_W8.pdf","8","Complete_study_documentation_-_Wave_8\ELSA_Data_Linkage_Consent_W8.pdf","8c4fdc5430c15bc27bc0a924b529844be89f3d8eb8cc314721ee255027a774b2","Data Flow Health & Economic Data Your Answers Survey Questions Name, Address, Sex, Date of Birth Name, Address, Sex, Date of Birth Survey Questions + Health/Economic Records Health/Economic Records ANONYMOUS Survey Questions + Health/Econom"
"02_定义与方法依据","02_定义与方法依据\Wave_08\ELSA_Drug_Codebook_W8.pdf","8","Complete_study_documentation_-_Wave_8\ELSA_Drug_Codebook_W8.pdf","197dc796ebff1ef190c298847f091a384b1c1f08838430624b8ea4f77b6200d9","Version 1_BNF_69_March 2015 CODING PRESCRIBED MEDICINES FOR USE ON ALL NURSE SURVEYS TO BE USED WITH BNF 69 1 Please note that some drugs were given new codes in 2011. This is to separate different types of drugs, so they can be separated i"
"05_辅助材料","05_辅助材料\Wave_08\ELSA_HES_DWP_Consent_W8.pdf","8","Complete_study_documentation_-_Wave_8\ELSA_HES_DWP_Consent_W8.pdf","fd504c10b18c8db22aa4541aa4f5998e9c240659189d0aa1277feece94a08438","Consent form: Health and economic records CONFIDENTIAL RETURN TOP COPY TO OFFICE, BOTTOM COPY FOR PARTICIPANT We have asked about your health and economic circumstances. To make this information complete we would like to find out • more abo"
"05_辅助材料","05_辅助材料\Wave_08\ELSA_HES_DWP_Consent_Withdrawal_W8.pdf","8","Complete_study_documentation_-_Wave_8\ELSA_HES_DWP_Consent_Withdrawal_W8.pdf","e6f1c372d1ec4d82732ed93b72a3c7bbfddf176c6f3849c7fa3874fca7e4490f","Please indicate which consent you wish to withdraw by putting your initials in the appropriate box(es) below. Withdrawing your consent will mean that your information will not be made available in the future to anyone wishing to carry out a"
"05_辅助材料","05_辅助材料\Wave_08\ELSA_Mental_Capacity_Consent_W8.pdf","8","Complete_study_documentation_-_Wave_8\ELSA_Mental_Capacity_Consent_W8.pdf","2a8cf7e589100bfa09b8434abd45da6f2a030cd86b29ef8446fb2df4c78d8d53","Would you be willing to give answers in the ELSA interview on behalf of the above named person? All your answers will be treated in strict confidence in accordance with the Data Protection Act 1998. Yes, I would be willing to participate in"
"05_辅助材料","05_辅助材料\Wave_08\ELSA_Newsletter_W8.pdf","8","Complete_study_documentation_-_Wave_8\ELSA_Newsletter_W8.pdf","35bb5d6a5447bfdcd5c77c13c736021fcacf2bcf69941a84836a63725c57b1db","What’s new in Wave 8? The next wave of ELSA will run from May 2016 to May 2017. One of our interviewers will be in touch soon. Tell us your ELSA story We would really like to hear from ELSA participants. We are keen to find out more about y"
"05_辅助材料","05_辅助材料\Wave_08\ELSA_NHSCR_Consent_W8.pdf","8","Complete_study_documentation_-_Wave_8\ELSA_NHSCR_Consent_W8.pdf","4634e0dca6633725c44e7100569937a369fa6da437ed58ec989d45bb69c4e5ba","Consent Form: Health & Social Care Information Centre • The Health and Social Care Information Centre lists all the people in the country and their National Health Service (NHS) number. • We would like to ask for your consent for us to send"
"05_辅助材料","05_辅助材料\Wave_08\ELSA_Nurse_Consent_Booklet_W8.pdf","8","Complete_study_documentation_-_Wave_8\ELSA_Nurse_Consent_Booklet_W8.pdf","c07b1c9cf848b579938d2fd241875883eef5fbd4a316814e960cd626ee41be3c","1 ELSA - 50+ HEALTH AND LIFE Consent booklet P10456.04 Please use capital letters and write in ink NAME/ADDRESS - WRITE IN: ATTACH SERIAL NUMBER BAR CODE LABEL: Nurse number1 Date schedule completed2 RESPONDENT NAME: ADDRESS: POSTCODE: Day "
"05_辅助材料","05_辅助材料\Wave_08\ELSA_Nurse_Leaflet_W8.pdf","8","Complete_study_documentation_-_Wave_8\ELSA_Nurse_Leaflet_W8.pdf","f7239360fb2915af46bf4f4b062782907192aba3e54f121349dd05d3fa3dc264","NatCen Social Research, Kings House, 101-135 Kings Road, Brentwood, Essex CM14 4LX Tel. 0800 526 397. Company limited by guarantee. Reg No. 4392418. A Charity registered in England and Wales (1091768) and in Scotland (SC038454) natcen.ac.uk"
"01_原始问卷与记录表","01_原始问卷与记录表\Wave_08\ELSA_Nurse_Questionnaire_W8.pdf","8","Complete_study_documentation_-_Wave_8\ELSA_Nurse_Questionnaire_W8.pdf","6c9156626a837c6b282cd94898bf65fc6240826947b43db2708af9d34f31b54a","English Longitudinal Study of Ageing Nurse Questionnaire Wave 8 – 2016/17 Version 1 (May 2018) NatCen Social Research 35 Northampton Square London EC1V 0AX T 020 7250 1866 www.natcen.ac.uk A Company Limited by Guarantee. Registered in Engla"
"05_辅助材料","05_辅助材料\Wave_08\ELSA_Primary_Care_Consent_Withdrawal_W8.pdf","8","Complete_study_documentation_-_Wave_8\ELSA_Primary_Care_Consent_Withdrawal_W8.pdf","a46cd9ca6b9f5818d86624223b8c2ecf803638b6174851ebe4cd1935464fbe30","Consent withdrawal form: Primary Care records In a past ELSA interview we asked about your health and economic circumstances. Our records show that you previously gave us your consent to find out more about your health and treatment from NH"
"05_辅助材料","05_辅助材料\Wave_08\ELSA_Primary_Health_Care_Consent_W8.pdf","8","Complete_study_documentation_-_Wave_8\ELSA_Primary_Health_Care_Consent_W8.pdf","400eec2103b8a3f4004f9f173518eaa751ad102af7be25c3cb4b81925cca4d70","Consent form: Primary Care records We have asked about your health and economic circumstances. To make this information complete we would like to find out more about your health and treatment from NHS primary health care records (about doct"
"01_原始问卷与记录表","01_原始问卷与记录表\Wave_08\ELSA_Questionnaire_W8.pdf","8","Complete_study_documentation_-_Wave_8\ELSA_Questionnaire_W8.pdf","a75544b0b05a5f701a1e0c9d3968011e09588c2bc57e9c6fb76b4a047a7df4c6","English Longitudinal Study of Ageing Interviewer Questionnaire Wave 8 – 2016/17 Version 1 (May 2018) NatCen Social Research 35 Northampton Square London EC1V 0AX T 020 7250 1866 www.natcen.ac.uk A Company Limited by Guarantee. Registered in"
"01_原始问卷与记录表","01_原始问卷与记录表\Wave_08\ELSA_Self-comp_Questionnaire_W8.pdf","8","Complete_study_documentation_-_Wave_8\ELSA_Self-comp_Questionnaire_W8.pdf","88ceff4fc43a26a64d7793581c6a5010d42519142615fb1200bc8de514fe8ef6","HEALTH AND LIFESTYLES OF PEOPLE AGED 50 AND OVER Self-Completion questionnaire In Confidence HOW TO FILL IN THIS QUESTIONNAIRE Please answer the questions by: HOW TO RETURN THIS QUESTIONNAIRE If the interviewer is still in your home (or wil"
"01_原始问卷与记录表","01_原始问卷与记录表\Wave_08\ELSA_Self-comp_Sex_W8_Female.pdf","8","Complete_study_documentation_-_Wave_8\ELSA_Self-comp_Sex_W8_Female.pdf","09fe9391af4341619f646d43875036cf4e5a4dc8ae99f6e180963f23637bb38f","SEXUAL RELATIONSHIPS AND ACTIVITIES Self-completion questionnaire for women In Confidence HOW TO RETURN THIS QUESTIONNAIRE If the interviewer is still in your home once you have completed the questionnaire, please place it in the envelope p"
"01_原始问卷与记录表","01_原始问卷与记录表\Wave_08\ELSA_Self-comp_Sex_W8_Male.pdf","8","Complete_study_documentation_-_Wave_8\ELSA_Self-comp_Sex_W8_Male.pdf","68d7b4cb702cbec1867363b9e9d093cf7dd9a614c32da7eaac0b4104fa77d089","SEXUAL RELATIONSHIPS AND ACTIVITIES Self-completion questionnaire for men In Confidence HOW TO RETURN THIS QUESTIONNAIRE If the interviewer is still in your home once you have completed the questionnaire, please place it in the envelope pro"
"05_辅助材料","05_辅助材料\Wave_08\ELSA_Survey_Leaflet_W8.pdf","8","Complete_study_documentation_-_Wave_8\ELSA_Survey_Leaflet_W8.pdf","c20645b9bc286e63bf6aec204e2daa947edfdf9999a07704374844d92383e4ac","Find out more about the study Our responsibilities to you NatCen Social Research, Kings House, 101-135 Kings Road, Brentwood, Essex CM14 4LX Tel. 0800 526 397. Company limited by guarantee. Reg No. 4392418. A Charity registered in England a"
"05_辅助材料","05_辅助材料\Wave_09\ELSA_W9_Advance Letter.pdf","9","Complete_study_documentation_-_Wave_9\ELSA_W9_Advance Letter.pdf","39dd01710bc7968528e0b90c15c83f887246053912a82e979bf8619e6fb0cb65","We’ll be calling again soon Why you are so important to us Without the ongoing commitment of people like you, ELSA could not continue. Last time we asked, 8 out of 10 people in the study agreed to continue taking part. We really appreciate "
"05_辅助材料","05_辅助材料\Wave_09\ELSA_W9_Blood Sample Leaflet.pdf","9","Complete_study_documentation_-_Wave_9\ELSA_W9_Blood Sample Leaflet.pdf","3ec80c36768efff1fc123860bbb1fdfdf7240add1e7382ae2a0fd9020846217e","NatCen Social Research, Kings House, 101-135 Kings Road, Brentwood, Essex CM14 4LX Tel. 0800 526 397. Company limited by guarantee. Reg No. 4392418. A Charity registered in England and Wales (1091768) and in Scotland (SC038454) n9_ELSA_Vene"
"05_辅助材料","05_辅助材料\Wave_09\ELSA_W9_Cancer and Death Records_CONSENT.pdf","9","Complete_study_documentation_-_Wave_9\ELSA_W9_Cancer and Death Records_CONSENT.pdf","1640600295c2d2cdfa983362372860c2998d9573b2c126060c21216eb7c16e29","Consent Form D: Cancer and death records We have asked about your health. To make this information complete we would like to be informed about cancer and death records held and managed by NHS Digital, the national controller of health data "
"05_辅助材料","05_辅助材料\Wave_09\ELSA_W9_Cancer and Death Records_WITHDRAWAL.pdf","9","Complete_study_documentation_-_Wave_9\ELSA_W9_Cancer and Death Records_WITHDRAWAL.pdf","25c190aa964d5bc4778a2bfc9d13c85c63ef9ae6f0da23f1d5b1f2f51b088627","CANCER AND DEATH RECORDS – Withdrawing Consent I withdraw my consent for NHS Digital (formerly the Health and Social Care Information Centre) to disclose to the ELSA Research Team (comprising researchers at University College London (UCL), "
"01_原始问卷与记录表","01_原始问卷与记录表\Wave_09\ELSA_W9_Cognitive Function Booklet.pdf","9","Complete_study_documentation_-_Wave_9\ELSA_W9_Cognitive Function Booklet.pdf","9a56cadeee1725933ec5bc14b952c3c20adfb285db3c30e244c0fa429fdf51c7","Serial number Ck PerNo First name: ELSA 50+ HEALTH & LIFE COGNITIVE MODULE - INTERVIEWER RECORDING BOOKLET Word List – First Recall Please write down the words the respondent recalls in the space provided: Do NOT interrupt the respondent. I"
"05_辅助材料","05_辅助材料\Wave_09\ELSA_W9_Dietary Questiionnaire Leaflet.pdf","9","Complete_study_documentation_-_Wave_9\ELSA_W9_Dietary Questiionnaire Leaflet.pdf","2b19063606342b30861ef5a3ff66160d589234ac466aee27fe726fd1c3cafcaf","Online Dietary Questionnaire 26_ELSA_Dietary Quest Leaflet_v1 Interviewer to complete: To login please go to: www.natcen-surveys.org/elsa/ And enter the Login ID shown below Attach Login ID label here: DAY 1 Enter day (Mon-Sun): ___________"
"05_辅助材料","05_辅助材料\Wave_09\ELSA_W9_Economic Records_CONSENT.pdf","9","Complete_study_documentation_-_Wave_9\ELSA_W9_Economic Records_CONSENT.pdf","e914f84299f5560dbf249d91f0fe19d286f9bb5515ee8620091953d5874a5417","Consent form B: Economic records OFFICE COPY (return to Brentwood) LEVEL 3 CONFIDENTIAL ECONOMIC RECORDS - Giving consent I DECLARE - I have read or heard this information and have had the opportunity to ask questions. I AUTHORISE - NatCen "
"05_辅助材料","05_辅助材料\Wave_09\ELSA_W9_Economic Records_WITHDRAWAL.pdf","9","Complete_study_documentation_-_Wave_9\ELSA_W9_Economic Records_WITHDRAWAL.pdf","b57673df99e336e46f611bacfe76dfa1a8bc62528d0866bb7b10c027e3818b61","ECONOMIC RECORDS – Withdrawing Consent I withdraw my consent for Department for Work and Pensions (DWP) and Her Majesty’s Revenue and Customs to disclose to the ELSA Research Team (comprising researchers at University College London (UCL), "
"05_辅助材料","05_辅助材料\Wave_09\ELSA_W9_Hospital Records_CONSENT.pdf","9","Complete_study_documentation_-_Wave_9\ELSA_W9_Hospital Records_CONSENT.pdf","2674fcd3fe182c545fdc4a2500b6bc18d697c60a470ee6194cf3dfae5b5f4df9","Consent form A: Hospital records __________________________ ___________________________ _________________ Respondent signature Respondent name Date __________________________ ___________________________ _________________ Interviewer signatu"
"05_辅助材料","05_辅助材料\Wave_09\ELSA_W9_Hospital Records_WITHDRAWAL.pdf","9","Complete_study_documentation_-_Wave_9\ELSA_W9_Hospital Records_WITHDRAWAL.pdf","950121ec09991b8118be75c24a37373540518d3dab1f6252d628f9a3601251f6","HOSPITAL RECORDS – Withdrawing Consent I withdraw my consent for NHS Digital (formerly the Health and Social Care Information Centre) to disclose to the ELSA Research Team (comprising researchers at University College London (UCL), Institut"
"01_原始问卷与记录表","01_原始问卷与记录表\Wave_09\ELSA_W9_Interviewer Questionnaire.pdf","9","Complete_study_documentation_-_Wave_9\ELSA_W9_Interviewer Questionnaire.pdf","c10de5dacf4e153a13897354b0ba5687e1a095d0f585e9164be38d266d46402d","English Longitudinal Study of Ageing Interviewer Questionnaire Wave 9 – 2018/19 Version 5 (February 2020) NatCen Social Research 35 Northampton Square London EC1V 0AX T 020 7250 1866 www.natcen.ac.uk A Company Limited by Guarantee. Register"
"05_辅助材料","05_辅助材料\Wave_09\ELSA_W9_Newsletter.pdf","9","Complete_study_documentation_-_Wave_9\ELSA_W9_Newsletter.pdf","e7112646c95753f576668abf0d37f56ec1367bfd729fb90ea452464b3b9e6785","Participant Newsletter June 2018 What’s new for ELSA Wave 9? The ninth wave of ELSA is here, and there are some exciting additions since last time: For wave 9 we are introducing a Nutrition Questionnaire. This online questionnaire has been "
"05_辅助材料","05_辅助材料\Wave_09\ELSA_W9_Nurse Consent Booklet.pdf","9","Complete_study_documentation_-_Wave_9\ELSA_W9_Nurse Consent Booklet.pdf","52fb6ecdd5aac77064a75fc1cbea8328dc7935bffb2a667f8609b58901fb1f98","1 ELSA - 50+ HEALTH AND LIFE Consent booklet N12924 Please use capital letters and write in ink NAME/ADDRESS - WRITE IN: ATTACH SERIAL NUMBER BAR CODE LABEL: Nurse number1 Date schedule completed2 RESPONDENT NAME: ADDRESS: POSTCODE: Day Mon"
"01_原始问卷与记录表","01_原始问卷与记录表\Wave_09\ELSA_W9_Nurse Questionnaire.pdf","9","Complete_study_documentation_-_Wave_9\ELSA_W9_Nurse Questionnaire.pdf","a7b964f1dc6a51fd6b783c2e8a03bb0c26bebfad206d40854458bdaea9b23d5e","English Longitudinal Study of Ageing Nurse Questionnaire Wave 9 – 2018/19 Version 1 (February 2020) NatCen Social Research 35 Northampton Square London EC1V 0AX T 020 7250 1866 www.natcen.ac.uk A Company Limited by Guarantee. Registered in "
"05_辅助材料","05_辅助材料\Wave_09\ELSA_W9_Nurse Survey Leaflet.pdf","9","Complete_study_documentation_-_Wave_9\ELSA_W9_Nurse Survey Leaflet.pdf","f2b7e48ffa3ff423e9d285b24b31105a743835bac8c74979079d445bbad6691e","The nurse visit A quick guide natcen.ac.uk/elsa50plus 40_P12924_MS_Nurse Survey Leaflet_v1 Physical functioning We would like to measure your upper body strength. Grip strength is an indicator of people’s general health and it has also been"
"05_辅助材料","05_辅助材料\Wave_09\ELSA_W9_Primary Care Records_CONSENT.pdf","9","Complete_study_documentation_-_Wave_9\ELSA_W9_Primary Care Records_CONSENT.pdf","66bf170c10c80e5e8a85a23d8dc5bde262389a3fe60eb585ec65966c0ff9bdba","Consent form C: Primary care records __________________________ ___________________________ _________________ Respondent signature Respondent name Date __________________________ ___________________________ _________________ Interviewer sig"
"05_辅助材料","05_辅助材料\Wave_09\ELSA_W9_Primary Care Records_WITHDRAWAL.pdf","9","Complete_study_documentation_-_Wave_9\ELSA_W9_Primary Care Records_WITHDRAWAL.pdf","35fc317e6e8f171e17e1a95a8f705e3d25d4b0b23a23ad0933fbdf158eefb9c6","PRIMARY CARE RECORDS – Withdrawing Consent I withdraw my consent for NHS Digital (formerly the Health and Social Care Information Centre) to disclose to the ELSA Research Team (comprising researchers at University College London (UCL), Inst"
"01_原始问卷与记录表","01_原始问卷与记录表\Wave_09\ELSA_W9_Self-Completion Questionnaire.pdf","9","Complete_study_documentation_-_Wave_9\ELSA_W9_Self-Completion Questionnaire.pdf","0c655074b66a537edafa47d024f9047cc874bc1cd82b75eb394e23427ed34c1d","HEALTH AND LIFESTYLES OF PEOPLE AGED 50 AND OVER Self-Completion questionnaire In Confidence HOW TO FILL IN THIS QUESTIONNAIRE Please answer the questions by: HOW TO RETURN THIS QUESTIONNAIRE If the interviewer is still in your home (or wil"
"05_辅助材料","05_辅助材料\Wave_09\ELSA_W9_Survey Leaflet.pdf","9","Complete_study_documentation_-_Wave_9\ELSA_W9_Survey Leaflet.pdf","91af476c32acef87628fbc0ae0300e2a781b836868b7b98ff6dc0548e2b51c4f","Find out more about the study natcen.ac.uk/elsa50plus 17_P12924_MS_Survey Leaflet _v1 What is the study about? By 2020, it is estimated that around half the population of England will be over 50. We are carrying out this research to find ou"
