source_relative_to_database,skill_relative,sha256,bytes,duplicate,inspection,pages,opening_text
KLoSA/英文版/about.txt,材料/KLoSA/英文版/about.txt,d53c0c9bb0024bbbb5d02257a6eb0ae4f56ff39992ba4b7885610369f4fe5dba,3950,False,文本已抽取；编码需按原文核对,,"About KLoSA 1. Title The title for the survey is as follows: - Korean Longitudinal Study of Ageing (short: KLoSA) 2. Background and Objectives Korea became an ageing society in 2000, as the proportion of those 65 or older reached 7% of the population. Thereafter, the country is expected to undergo a rapid ageing process. Korea was belated compared to other advanced countries in reaching the ageing society status, but it is expected to become a super-aged society around the same time as others. Lacking in basic data on ageing, Korea is in need of a structured set of statistical data. - Institutional reform and policy-making in preparation agai"
KLoSA/英文版/codebook/zip20250221050949446.zip!/klosa_w02_imp_varlist_code_e.xlsx,材料/KLoSA/英文版/codebook/zip20250221050949446.zip/解包/klosa_w02_imp_varlist_code_e.xlsx,ed0ea158d8692263ea1f61f6f3efff038ed15d491d1c410c6009b3d6539e3779,117699,False,XLSX工作簿结构可读,," 
           klosa_w02_imp_varlist!$A$1:$B$3230  klosa_w02_imp_varlist!$A$1:$A$3229  #REF!    "
KLoSA/英文版/codebook/zip20250221050949446.zip!/KLoSA_w06_code book_E.xlsx,材料/KLoSA/英文版/codebook/zip20250221050949446.zip/解包/KLoSA_w06_code book_E.xlsx,688bb72350a055f2b74b7f0f629743ba6d454153da80bb4977cca9ee1a5be242,414286,False,XLSX工作簿结构可读,," 
                   A.Demographics!$A$2:$D$2  'Ba.Family (Child &amp; Grandchild)'!$A$2:$D$2  'Bb.Family (Parents &amp; Siblings)'!$A$2:$D$2  C.Health!$A$2:$D$2  CV.Coverscreen!$A$2:$D$52    "
KLoSA/英文版/codebook/zip20250221050949446.zip!/klosa_w04_imp_varlist_code_e.xlsx,材料/KLoSA/英文版/codebook/zip20250221050949446.zip/解包/klosa_w04_imp_varlist_code_e.xlsx,bb8580c823db07d88bb4d667f819d6c73bc1f2298dedf98775e6ccbcd6413bed,194092,False,XLSX工作簿结构可读,," 
           klosa_w04_imp_varlist!$A$1:$A$6608  klosa_w04_imp_varlist!$A$1:$A$4564    "
KLoSA/英文版/codebook/zip20250221050949446.zip!/klosa_w03_imp_varlist_code_e.xlsx,材料/KLoSA/英文版/codebook/zip20250221050949446.zip/解包/klosa_w03_imp_varlist_code_e.xlsx,e0441cd1bc7f7982116dca7dfcecfe7cc627dafd60ed4d0977935a8b713698a1,167550,False,XLSX工作簿结构可读,," 
           'klosa_w03_imp_varlist '!$C$1:$D$1  'klosa_w03_imp_varlist '!$A$1:$A$4535  #REF!    "
KLoSA/英文版/codebook/zip20250221050949446.zip!/klosa_w05_imp_varlist_code_e.xlsx,材料/KLoSA/英文版/codebook/zip20250221050949446.zip/解包/klosa_w05_imp_varlist_code_e.xlsx,ae60d775273ce522216c60b9c58969a21e82d12ad474c9a8b2eca8a5b532306b,109735,False,XLSX工作簿结构可读,," 
           klosa_w05_imp_varlist!$A$1:$B$2773  #REF!  #REF!  klosa_w05_imp_varlist!$A$1:$A$2773    "
KLoSA/英文版/codebook/zip20250221050949446.zip!/klosa_w05add_imp_varlist_code_e.xlsx,材料/KLoSA/英文版/codebook/zip20250221050949446.zip/解包/klosa_w05add_imp_varlist_code_e.xlsx,35bc56642145e3a78fb1a211a754081b39fe667e1a0489419242cc4aeeb2107f,374866,False,XLSX工作簿结构可读,," 
              #REF!  #REF!  #REF!  #REF!    "
KLoSA/英文版/codebook/zip20250221050949446.zip!/KLoSA_str09_code book_e.xlsx,材料/KLoSA/英文版/codebook/zip20250221050949446.zip/解包/KLoSA_str09_code book_e.xlsx,ef47f3f5d2dd1ecdd5526fb601edbf6af372c5b3aabac300c79f9f79a20dea46,429533,False,XLSX工作簿结构可读,," 
                 Sheet1!$A$1:$F$1         "
KLoSA/英文版/codebook/zip20250221050949446.zip!/KLoSA_w01-w09_str_mapping table_e.xlsx,材料/KLoSA/英文版/codebook/zip20250221050949446.zip/解包/KLoSA_w01-w09_str_mapping table_e.xlsx,de73eb2c0fce09133d0835ce81b419d3049a10b5b7bf76f8520338049c7afea3,334301,False,XLSX工作簿结构可读,," 
                       'Ba.Family (Child &amp; Grandchild)'!$A$3:$K$3  'Bb.Family (Parents &amp; Siblings)'!$A$3:$K$491  'C.Health'!$A$3:$K$843  D.Employment!$A$3:$K$359  'E.Income,Consumption F.Assets'!$A$3:$K$590  'G.Expectation,Life satisfaction'!$A$3:$K$3                 "
KLoSA/英文版/codebook/zip20250221050949446.zip!/KLoSA_w01~w09_Ltv_mappig table_e.xlsx,材料/KLoSA/英文版/codebook/zip20250221050949446.zip/解包/KLoSA_w01~w09_Ltv_mappig table_e.xlsx,34cb007f8f32d7f478f29ea15f4ddf968329178f6897497dd7e183313bbad5af,58497,False,XLSX工作簿结构可读,," 
                 'Light Version_full'!$A$2:$K$416  'Light Version_full'!$A$1:$G$416  'Light Version_full'!$1:$2                 "
KLoSA/英文版/codebook/zip20250221050949446.zip!/KLoSA_w09_code book_e.xlsx,材料/KLoSA/英文版/codebook/zip20250221050949446.zip/解包/KLoSA_w09_code book_e.xlsx,e12f4be271f4aafc4e7e6e0bc87f9b27355075acde0b209c2826b3d10f6aeb3b,600741,False,XLSX工作簿结构可读,," 
                  'Code book_e'!$A$1:$F$14636  'Exit Interview'!$A$1:$F$2852                    "
KLoSA/英文版/codebook/zip20250221051000800.zip!/KLoSA_w05_add_code book_E.xlsx,材料/KLoSA/英文版/codebook/zip20250221051000800.zip/解包/KLoSA_w05_add_code book_E.xlsx,2414e7df2e2db17f08d56e99f04c16e50b04e4c6e03080af749fcef8f47f127a,297803,False,XLSX工作簿结构可读,," 
                   A.Demographics!$A$2:$D$2  'Ba.Family (Child &amp; Grandchild)'!$A$2:$D$2  'Bb.Family (Parents &amp; Siblings)'!$A$2:$D$2  C.Health!$A$2:$D$2  CV.Coverscreen!$A$2:$D$8    "
KLoSA/英文版/codebook/zip20250221051000800.zip!/KLoSA_w01_code book_E.xlsx,材料/KLoSA/英文版/codebook/zip20250221051000800.zip/解包/KLoSA_w01_code book_E.xlsx,1f5a5f81cc6031d7585da4dbe2cedd02c5707a7cd73e74123b15feaa5a962c0f,529591,False,XLSX工作簿结构可读,," 
                      'A. DEMOGRAPHICS'!$A$1:$A$12415  'Ba.Family (Child &amp; Grandchild)'!$A$1:$A$9265  'Bb.Family (Parents &amp; Siblings)'!$A$1:$A$9760  'Ca.Health status'!$A$1:$A$4926  'Cb.ADL and Helpers'!$A$1:$A$12369  'Cc.Health insurance and service'!$A$1:$A$12418  'Cd.Cognition '!$A$1:$"
KLoSA/英文版/codebook/zip20250221051000800.zip!/KLoSA_w03_code book_E.xlsx,材料/KLoSA/英文版/codebook/zip20250221051000800.zip/解包/KLoSA_w03_code book_E.xlsx,b2e948a6ec653ef95cd1440d3e79fd56fa62a65ffc8b31349cae42315de5b6f8,434427,False,XLSX工作簿结构可读,," 
                   A.Demographics!$A$2:$D$2  'Ba.Family (Child &amp; Grandchild)'!$A$2:$D$2  'Bb.Family (Parents &amp; Siblings)'!$A$2:$D$2  C.Health!$A$2:$D$2  CV.Coverscreen!$A$2:$D$52    "
KLoSA/英文版/codebook/zip20250221051000800.zip!/KLoSA_w02_code book_E.xlsx,材料/KLoSA/英文版/codebook/zip20250221051000800.zip/解包/KLoSA_w02_code book_E.xlsx,5d5f7f402fdf231fdc2718712c3d6a56649d70bafa1c5949d881b1318ce6f029,376001,False,XLSX工作簿结构可读,," 
                   A.Demographics!$A$2:$D$304  'Ba.Family (Child &amp; Grandchild)'!$A$2:$D$2  'Bb.Family (Parents &amp; Siblings)'!$A$2:$D$2  C.Health!$A$2:$D$2  CV.Coverscreen!$A$2:$D$54    "
KLoSA/英文版/codebook/zip20250221051000800.zip!/KLoSA_w04_code book_E.xlsx,材料/KLoSA/英文版/codebook/zip20250221051000800.zip/解包/KLoSA_w04_code book_E.xlsx,ac3428c20bdbf1a5924cc5eefceb5c2165cb29fd46f3d968b31eaae9d6fc2378,432110,False,XLSX工作簿结构可读,," 
                   A.Demographics!$A$2:$D$2  'Ba.Family (Child &amp; Grandchild)'!$A$2:$D$2  'Bb.Family (Parents &amp; Siblings)'!$A$2:$D$2  C.Health!$A$2:$D$2  CV.Coverscreen!$A$2:$D$32    "
KLoSA/英文版/codebook/zip20250221051000800.zip!/KLoSA_w05_code book_E.xlsx,材料/KLoSA/英文版/codebook/zip20250221051000800.zip/解包/KLoSA_w05_code book_E.xlsx,c7d006c269df206bbe75ef5131ae70dd510f7a5bd9d6b7585aa752538f438f66,339865,False,XLSX工作簿结构可读,," 
                   A.Demographics!$A$2:$D$354  'Ba.Family (Child &amp; Grandchild)'!$A$2:$D$1723  'Bb.Family (Parents &amp; Siblings)'!$A$2:$D$1911  C.Health!$A$2:$D$2762  CV.Coverscreen!$A$2:$D$53  D.Employment!$A$3:$D$2085  'E.Income and Consumption'!$A$3:$D$620  'F.Assets and Debts'!$A$3:$D$63"
KLoSA/英文版/design.txt,材料/KLoSA/英文版/design.txt,4a934824714192587ec45be8369e00ff7c6946b13d20a9936702767bb3a92c7e,2643,False,文本已抽取；编码需按原文核对,,"Study Design 1. SAMPLE The population of KLoSA includes, in principle, all adults aged 45 and over. (Many surveys of elderly people in other countries include those aged 50 and over. But KLoSA extends its population to those aged 45-49 because career changes in these middle ages have become an important social issue since the financial crisis in later 1990s, with many people in their late 40s having been laid off from their career jobs. This extended population also enables examination of the relationship between economic activity in the middle ages with that in older ages, and with later life in general.) However, Jeju island was excluded fo"
KLoSA/英文版/guide/_tmp_extract/KLoSA_2006_Wave1_userguide(0).pdf,材料/KLoSA/英文版/guide/_tmp_extract/KLoSA_2006_Wave1_userguide(0).pdf,b369ee10c996e0c27ede78ddf51dbfac5d1261fc9c86caf3f4e582309a676bde,4455631,False,PDF可打开；首页可提取文本,55,"Korea is experiencing a fast process of population ageing. The urgency triggered the Korea Labor Institute to create a panel survey on middle/old-aged population(45 or older). The panel survey, known as the Korean Longitudinal Study of Ageing (KLoSA), is to have a better understanding of Korea's population ageing and to offer an insight for policy-making and academic studies. In 2006, a panel was created with approx- imately 10,000 middle/old-aged adults and the first baseline survey was conducted. A survey on job history is being conducted currently. KLoSA is significant both in terms of what is surveyed and how it is surveyed. First of all,"
KLoSA/英文版/guide/_tmp_extract/KLoSA_2007_Wave1_userguide.pdf,材料/KLoSA/英文版/guide/_tmp_extract/KLoSA_2007_Wave1_userguide.pdf,8e7b99fad1896fe3d2f3d75c8d1c94273e8f964ce6db4e1954259841fa547879,1578927,False,PDF可打开；首页可提取文本,79,"User Guide for 2007 KLoSA Korea is experiencing a fast process of population ageing. The urgency triggered the Korea Labor Institute to create a panel survey on middle/old-aged population(45 or older). The panel survey, known as the Korean Longitudinal Study of Ageing (KLoSA), is to have a better understanding of Korea's population ageing and to offer an insight for policy-making and academic studies. The 1st KLoSA baseline survey was com- pleted in 2006, having established a panel of 10,254 persons aged 45 years or above in full age. It was then followed by the job history survey in 2007 from which the survey data is now released. KLoSA is s"
KLoSA/英文版/guide/_tmp_extract/KLoSA_user guide_(240906).docx,材料/KLoSA/英文版/guide/_tmp_extract/KLoSA_user guide_(240906).docx,8bb08a334d59046f68ce363543a6fa32ff81c4fc54869b335a157d7287c709b1,652336,False,DOCX正文可提取,," User’s Guide for the 20 2 2 Korean Longitudinal Study of Ageing (KLoSA) Wave 9 Team KLoSA Table of Contents 1. Overview of the KLoSA 1 2. How to use KLoSA 4 . Data type, W eight, N on-response imputation, Additions and Changes , etc. 5 3. Descriptions of Generated Variables 1 6 . Household arrangement (The number of generation (fam1), The composition of household (fam2)) 1 7 . Spouse information (Birth year (year2), Educational background (edu_s), Employment condition (ecoact_s) 2 3 . Children information 1 (The number of children living together (livewith), The number of children within 30 minutes (livenear), The number of unmarried childre"
KLoSA/英文版/guide/guide.zip!/KLoSA_2006_Wave1_userguide(0).pdf,材料/KLoSA/英文版/guide/_tmp_extract/KLoSA_2006_Wave1_userguide(0).pdf,b369ee10c996e0c27ede78ddf51dbfac5d1261fc9c86caf3f4e582309a676bde,4455631,True,PDF可打开；首页可提取文本,55,"Korea is experiencing a fast process of population ageing. The urgency triggered the Korea Labor Institute to create a panel survey on middle/old-aged population(45 or older). The panel survey, known as the Korean Longitudinal Study of Ageing (KLoSA), is to have a better understanding of Korea's population ageing and to offer an insight for policy-making and academic studies. In 2006, a panel was created with approx- imately 10,000 middle/old-aged adults and the first baseline survey was conducted. A survey on job history is being conducted currently. KLoSA is significant both in terms of what is surveyed and how it is surveyed. First of all,"
KLoSA/英文版/guide/guide.zip!/KLoSA_2007_Wave1_userguide.pdf,材料/KLoSA/英文版/guide/_tmp_extract/KLoSA_2007_Wave1_userguide.pdf,8e7b99fad1896fe3d2f3d75c8d1c94273e8f964ce6db4e1954259841fa547879,1578927,True,PDF可打开；首页可提取文本,79,"User Guide for 2007 KLoSA Korea is experiencing a fast process of population ageing. The urgency triggered the Korea Labor Institute to create a panel survey on middle/old-aged population(45 or older). The panel survey, known as the Korean Longitudinal Study of Ageing (KLoSA), is to have a better understanding of Korea's population ageing and to offer an insight for policy-making and academic studies. The 1st KLoSA baseline survey was com- pleted in 2006, having established a panel of 10,254 persons aged 45 years or above in full age. It was then followed by the job history survey in 2007 from which the survey data is now released. KLoSA is s"
KLoSA/英文版/guide/guide.zip!/KLoSA_user guide_(240906).docx,材料/KLoSA/英文版/guide/_tmp_extract/KLoSA_user guide_(240906).docx,8bb08a334d59046f68ce363543a6fa32ff81c4fc54869b335a157d7287c709b1,652336,True,DOCX正文可提取,," User’s Guide for the 20 2 2 Korean Longitudinal Study of Ageing (KLoSA) Wave 9 Team KLoSA Table of Contents 1. Overview of the KLoSA 1 2. How to use KLoSA 4 . Data type, W eight, N on-response imputation, Additions and Changes , etc. 5 3. Descriptions of Generated Variables 1 6 . Household arrangement (The number of generation (fam1), The composition of household (fam2)) 1 7 . Spouse information (Birth year (year2), Educational background (edu_s), Employment condition (ecoact_s) 2 3 . Children information 1 (The number of children living together (livewith), The number of children within 30 minutes (livenear), The number of unmarried childre"
KLoSA/英文版/questionnaire/W09_KLoSA_edited_2024.docx,材料/KLoSA/英文版/questionnaire/W09_KLoSA_edited_2024.docx,56588a3f5830f25a770b38ccd9689616e2ec1b05af21538fc7b7b9a2f46c312c,1028898,False,DOCX正文可提取,," ㅊㅊ 54610 24765 202 0 2 KLoSA Wave 8 9 Questionnaire SURVIVAL INTERVIEW TABLE OF CONTENTS 0 0 202 0 2 KLoSA Wave 8 9 Questionnaire SURVIVAL INTERVIEW TABLE OF CONTENTS [ Table of contents ] TOC \o ""1-3"" \h \z \u CV. COVERSCREEN PAGEREF _Toc487647331 \h 2 A. DEMOGRAPHICS PAGEREF _Toc487647332 \h 7 Ba. FAMILY AND FAMILY TRANSFER (Children &amp; Grandchildren) PAGEREF _Toc487647333 \h 16 Bb. FAMILY AND FAMILY TRANSFER (Parents &amp; Siblings) PAGEREF _Toc487647334 \h 35 C1. HEALTH STATUS PAGEREF _Toc487647335 \h 80 C2. FUNCTIONAL LIMITATIONS AND HELPERS 111 C3. HEALTH INSURANCE AND SERVICES PAGEREF _Toc487647337 \h 120 8 HYPERLINK ""file:///C:\\B"
KLoSA/英文版/Researcher.txt,材料/KLoSA/英文版/Researcher.txt,f385cef8a57aaa1df0e91da02f010c54538067fe02cc383f1593feebebe9bb19,620,False,文本已抽取；编码需按原文核对,,"Researcher Hyun Eunju Associate Research Fellow 6, Taejeong-ro, Maengdong-myeon, Eumseong-gun, Chungcheongbuk-do, 27740, Korea e-mail : ejhyun1006@keis.or.kr​ ​ Kim Migyoung Researcher 6, Taejeong-ro, Maengdong-myeon, Eumseong-gun, Chungcheongbuk-do, 27740, Korea e-mail : mignon2kim@keis.or.kr ​ Lee Taehyun Researcher 6, Taejeong-ro, Maengdong-myeon, Eumseong-gun, Chungcheongbuk-do, 27740, Korea e-mail : taehyunlee@keis.or.kr ​ Hong Seokhyeon Researcher 6, Taejeong-ro, Maengdong-myeon, Eumseong-gun, Chungcheongbuk-do, 27740, Korea e-mail : hsh0923@keis.or.kr"
KLoSA/韩文版/codebook/고령화연구패널 1-10차 구조변환자료 매핑표_260903..xlsx,材料/KLoSA/韩文版/codebook/고령화연구패널 1-10차 구조변환자료 매핑표_260903..xlsx,baadd1fbbd241e02a01763759e46dd443dc7ef70ecafe4de22b692816cf746d1,366666,False,XLSX工作簿结构可读,," 
                       'A. 인구'!$A$1:$L$1  'Ba.가족(자녀 및 손자녀)'!$A$1:$K$649  'Bb.가족(부모 및 형제자매)'!$A$2:$L$2  'C.건강 상태'!$A$1:$L$1  D.고용!$A$1:$L$1  'E. 소득, 소비 및 F. 자산'!$A$1:$M$1  'G.주관적 기대감 및 삶의 질'!$A$1:$L$1                  "
KLoSA/韩文版/codebook/고령화연구패널 1-10차 라이트버전 매핑표_260903.xlsx,材料/KLoSA/韩文版/codebook/고령화연구패널 1-10차 라이트버전 매핑표_260903.xlsx,0b792c13da7cd31e27e987359c3873c0e6e84e91163522080294419e499653d1,70004,False,XLSX工作簿结构可读,," 
                            "
KLoSA/韩文版/codebook/고령화연구패널 1-10차 사망자 코드북_260227.xlsx,材料/KLoSA/韩文版/codebook/고령화연구패널 1-10차 사망자 코드북_260227.xlsx,b58dd2391a9d1ceb76983e9d0d19518adb54ec6f9d8cd413bf47bded710fa26f,264587,False,XLSX工作簿结构可读,," 
                         '10차'!$A$1:$D$2282  '2차'!$A$1:$C$1133  '3차'!$A$1:$C$1119  '4차'!$A$1:$C$1300  '5차(기존)'!$A$1:$C$1300  '6차'!$A$1:$C$1401  '7차'!$A$1:$C$1254  '8차'!$A$1:$C$1254  '9차'!$A$1:$C$1256         "
KLoSA/韩文版/codebook/고령화연구패널조사 1-10차 자료 코드북.zip!/구조변환자료 코드북/고령화연구패널 10차 구조변환자료 코드북.xlsx,材料/KLoSA/韩文版/codebook/고령화연구패널조사 1-10차 자료 코드북.zip/解包/구조변환자료 코드북/고령화연구패널 10차 구조변환자료 코드북.xlsx,5fbd59e569112cacc3dcf3cd4187b36a7e14bad10cc4573df615b9d87819b061,287022,False,XLSX工作簿结构可读,," 
                         'A. 인적속성'!$A$1:$D$399  'Ba. 가족(자녀 및 손자녀)'!$A$1:$D$1579  'Bb. 가족(부모 및 형제자매)'!$A$1:$D$1623  'C. 건강 상태'!$A$1:$D$2621  CV!$A$1:$D$69  'D. 고용'!$A$1:$D$1788  'E. 소득 및 소비'!$A$1:$D$610  'F. 자산'!$A$1:$D$707  'G. 주관적 기대감 및 삶의 질'!$A$1:$D$472            "
KLoSA/韩文版/codebook/고령화연구패널조사 1-10차 자료 코드북.zip!/구조변환자료 코드북/고령화연구패널 1차 구조변환자료 코드북.xlsx,材料/KLoSA/韩文版/codebook/고령화연구패널조사 1-10차 자료 코드북.zip/解包/구조변환자료 코드북/고령화연구패널 1차 구조변환자료 코드북.xlsx,46d46ccacafe327aa3e74cf7b9c4b5adba822ce0fc1ac027494b2e455166b0e3,230474,False,XLSX工作簿结构可读,," 
                         'A. 인적속성'!$A$1:$D$237  'Ba. 가족(자녀 및 손자녀)'!$A$1:$D$2024  'Bb. 가족(부모 및 형제자매)'!$A$1:$D$2176  'C. 건강 상태'!$A$1:$D$1322  CV!$A$1:$D$24  'D. 고용'!$A$1:$D$639  'E. 소득 및 소비'!$A$1:$D$774  'F. 자산'!$A$1:$D$575  'G. 주관적 기대감 및 삶의 질'!$A$1:$D$315                     "
KLoSA/韩文版/codebook/고령화연구패널조사 1-10차 자료 코드북.zip!/구조변환자료 코드북/고령화연구패널 2차 구조변환자료 코드북.xlsx,材料/KLoSA/韩文版/codebook/고령화연구패널조사 1-10차 자료 코드북.zip/解包/구조변환자료 코드북/고령화연구패널 2차 구조변환자료 코드북.xlsx,abbb6ea465684ab1dcd824f6409211d1033c8474059eedd7bc8024aeac3ae990,270323,False,XLSX工作簿结构可读,," 
                         'Ba. 가족(자녀 및 손자녀)'!$A$1:$D$1803  'Bb. 가족(부모 및 형제자매)'!$A$1:$D$1737  'C. 건강 상태'!$A$1:$D$2512  'D. 고용'!$A$1:$D$1207  'E. 소득 및 소비'!$A$1:$D$893  'F. 자산'!$A$1:$D$619  'G. 주관적 기대감 및 삶의 질'!$A$1:$D$423                     "
KLoSA/韩文版/codebook/고령화연구패널조사 1-10차 자료 코드북.zip!/구조변환자료 코드북/고령화연구패널 3차 구조변환자료 코드북.xlsx,材料/KLoSA/韩文版/codebook/고령화연구패널조사 1-10차 자료 코드북.zip/解包/구조변환자료 코드북/고령화연구패널 3차 구조변환자료 코드북.xlsx,892a16edbf2e8e7376db0f86083c92c3e660337191628efa29bcaea4696ba28e,271001,False,XLSX工作簿结构可读,," 
                         'A. 인적속성'!$A$1:$D$307  'Ba. 가족(자녀 및 손자녀)'!$A$1:$D$1881  'Bb. 가족(부모 및 형제자매)'!$A$1:$D$1582  'C. 건강 상태'!$A$1:$D$2746  CV!$A$1:$D$30  'D. 고용'!$A$1:$D$1140  'E. 소득 및 소비'!$A$1:$D$905  'F. 자산'!$A$1:$D$610  'G. 주관적 기대감 및 삶의 질'!$A$1:$D$424  'Bb. 가족(부모 및 형제자매)'!#REF!               "
KLoSA/韩文版/codebook/고령화연구패널조사 1-10차 자료 코드북.zip!/구조변환자료 코드북/고령화연구패널 4차 구조변환자료 코드북.xlsx,材料/KLoSA/韩文版/codebook/고령화연구패널조사 1-10차 자료 코드북.zip/解包/구조변환자료 코드북/고령화연구패널 4차 구조변환자료 코드북.xlsx,61edb5e3d5119107eeaecea625a5598d8b3f65bdce36a8138de5f4c1d7f0fca1,275049,False,XLSX工作簿结构可读,," 
                         'A. 인적속성'!$A$1:$D$307  'Ba. 가족(자녀 및 손자녀)'!$A$1:$D$1933  'Bb. 가족(부모 및 형제자매)'!$A$1:$D$1640  'C. 건강 상태'!$A$1:$D$2664  CV!$A$1:$D$30  'D. 고용'!$A$1:$D$1164  'E. 소득 및 소비'!$A$1:$D$942  'F. 자산'!$A$1:$D$601  'G. 주관적 기대감 및 삶의 질'!$A$1:$D$429                     "
KLoSA/韩文版/codebook/고령화연구패널조사 1-10차 자료 코드북.zip!/구조변환자료 코드북/고령화연구패널 5차 구조변환자료 코드북.xlsx,材料/KLoSA/韩文版/codebook/고령화연구패널조사 1-10차 자료 코드북.zip/解包/구조변환자료 코드북/고령화연구패널 5차 구조변환자료 코드북.xlsx,8e2a4eef3e716d5fc96cfcecc17d261d1dac48e2b73036be69df2561d43ccfb5,260887,False,XLSX工作簿结构可读,," 
                         'A. 인적속성'!$A$1:$D$336  'Ba. 가족(자녀 및 손자녀)'!$A$1:$D$1628  'Bb. 가족(부모 및 형제자매)'!$A$1:$D$1824  'C. 건강 상태'!$A$1:$D$2506  CV!$A$1:$D$37  'D. 고용'!$A$1:$D$1191  'E. 소득 및 소비'!$A$1:$D$525  'F. 자산'!$A$1:$D$605  'G. 주관적 기대감 및 삶의 질'!$A$1:$D$446                     "
KLoSA/韩文版/codebook/고령화연구패널조사 1-10차 자료 코드북.zip!/구조변환자료 코드북/고령화연구패널 6차 구조변환자료 코드북.xlsx,材料/KLoSA/韩文版/codebook/고령화연구패널조사 1-10차 자료 코드북.zip/解包/구조변환자료 코드북/고령화연구패널 6차 구조변환자료 코드북.xlsx,45dc6b037d9e8459c412a76722a5d39831a673ac880b6e0972d831935f2c536f,254259,False,XLSX工作簿结构可读,," 
                         'A. 인적속성'!$A$1:$D$346  'Ba. 가족(자녀 및 손자녀)'!$A$1:$D$1616  'Bb. 가족(부모 및 형제자매)'!$A$1:$D$1468  'C. 건강 상태'!$A$1:$D$2324  CV!$A$1:$D$35  'D. 고용'!$A$1:$D$1215  'E. 소득 및 소비'!$A$1:$D$684  'F. 자산'!$A$1:$D$698  'G. 주관적 기대감 및 삶의 질'!$A$1:$D$447                     "
KLoSA/韩文版/codebook/고령화연구패널조사 1-10차 자료 코드북.zip!/구조변환자료 코드북/고령화연구패널 7차 구조변환자료 코드북.xlsx,材料/KLoSA/韩文版/codebook/고령화연구패널조사 1-10차 자료 코드북.zip/解包/구조변환자료 코드북/고령화연구패널 7차 구조변환자료 코드북.xlsx,c3ca49c2284f7785509c28f43446e24557d181e1c4e7e721ce6dbfa03dba47f6,257601,False,XLSX工作簿结构可读,," 
                         'A. 인적속성'!$A$1:$D$351  'Ba. 가족(자녀 및 손자녀)'!$A$1:$D$1628  'Bb. 가족(부모 및 형제자매)'!$A$1:$D$1335  'C. 건강 상태'!$A$1:$D$2467  CV!$A$1:$D$35  'D. 고용'!$A$1:$D$1312  'E. 소득 및 소비'!$A$1:$D$572  'F. 자산'!$A$1:$D$726  'G. 주관적 기대감 및 삶의 질'!$A$1:$D$437                     "
KLoSA/韩文版/codebook/고령화연구패널조사 1-10차 자료 코드북.zip!/구조변환자료 코드북/고령화연구패널 8차 구조변환자료 코드북.xlsx,材料/KLoSA/韩文版/codebook/고령화연구패널조사 1-10차 자료 코드북.zip/解包/구조변환자료 코드북/고령화연구패널 8차 구조변환자료 코드북.xlsx,ae7b06cb54de5938c6b25cc15fe7f99ff973a63cdc673c5db75e4984f0d054e8,247474,False,XLSX工作簿结构可读,," 
                         'A. 인적속성'!$A$1:$D$356  'Ba. 가족(자녀 및 손자녀)'!$A$1:$D$1613  'Bb. 가족(부모 및 형제자매)'!$A$1:$D$1325  'C. 건강 상태'!$A$1:$D$2251  CV!$A$1:$D$35  'D. 고용'!$A$1:$D$1658  'E. 소득 및 소비'!$A$1:$D$324  'F. 자산'!$A$1:$D$317  'G. 주관적 기대감 및 삶의 질'!$A$1:$D$440                     "
KLoSA/韩文版/codebook/고령화연구패널조사 1-10차 자료 코드북.zip!/구조변환자료 코드북/고령화연구패널 9차 구조변환자료 코드북.xlsx,材料/KLoSA/韩文版/codebook/고령화연구패널조사 1-10차 자료 코드북.zip/解包/구조변환자료 코드북/고령화연구패널 9차 구조변환자료 코드북.xlsx,33f8c9096f02f6a166e11e0ae3c89cd57b03a5af3e259d80ff3825df42cc1271,263839,False,XLSX工作簿结构可读,," 
                         'A. 인적속성'!$A$1:$D$370  'Ba. 가족(자녀 및 손자녀)'!$A$1:$D$1593  'Bb. 가족(부모 및 형제자매)'!$A$1:$D$1520  'C. 건강 상태'!$A$1:$D$2280  CV!$A$1:$D$56  'D. 고용'!$A$1:$D$1740  'E. 소득 및 소비'!$A$1:$D$312  'F. 자산'!$A$1:$D$351  'G. 주관적 기대감 및 삶의 질'!$A$1:$E$472                     "
KLoSA/韩文版/codebook/고령화연구패널조사 1-10차 자료 코드북.zip!/원자료코드북/고령화연구패널 10차 원자료 코드북.xlsx,材料/KLoSA/韩文版/codebook/고령화연구패널조사 1-10차 자료 코드북.zip/解包/원자료코드북/고령화연구패널 10차 원자료 코드북.xlsx,2ca48aa8be98475241be5994a307d9d282037851ec5523ff4d5e3114c224a2bb,335083,False,XLSX工作簿结构可读,," 
                         'A. 인적속성'!$A$1:$D$388  'Ba. 가족(자녀 및 손자녀)'!$A$1:$D$1530  'Bb. 가족(부모'!$A$1:$D$1782  'C. 건강'!$A$1:$D$2541  CV!$A$1:$D$57  'D. 고용'!$A$1:$D$3353  'E. 소득'!$A$1:$D$586  'F. 자산'!$A$1:$D$687  'G. 주관적 기대감 및 삶의 질'!$A$1:$D$474         "
KLoSA/韩文版/codebook/고령화연구패널조사 1-10차 자료 코드북.zip!/원자료코드북/고령화연구패널 1차 원자료 코드북.xlsx,材料/KLoSA/韩文版/codebook/고령화연구패널조사 1-10차 자료 코드북.zip/解包/원자료코드북/고령화연구패널 1차 원자료 코드북.xlsx,c900130e539941caf9f398f772b9e7443ee03c5ac1b1d2b18373fb6d287f023c,360986,False,XLSX工作簿结构可读,," 
                         'A. 인적속성'!$A$1:$D$238  'Ba. 가족(자녀 및 손자녀)'!$A$1:$D$2869  'Bb. 가족(부모 및 형제자매)'!$A$1:$D$5260  'C. 건강 상태'!$A$1:$D$1274  CV!$A$1:$D$6  'D. 고용'!$A$1:$D$2020  'E. 소득 및 소비'!$A$1:$D$1019  'F. 자산'!$A$1:$D$552                  "
KLoSA/韩文版/codebook/고령화연구패널조사 1-10차 자료 코드북.zip!/원자료코드북/고령화연구패널 2차 원자료 코드북.xlsx,材料/KLoSA/韩文版/codebook/고령화연구패널조사 1-10차 자료 코드북.zip/解包/원자료코드북/고령화연구패널 2차 원자료 코드북.xlsx,7db2900597ab73fcfbc83318674ed30bb0bd9256f6ebd6165cb9c70a84254ab1,333403,False,XLSX工作簿结构可读,," 
                         'A. 인적속성'!$A$1:$D$310  'Ba. 가족(자녀 및 손자녀)'!$A$1:$D$2848  'Bb. 가족(부모 및 형제자매)'!$A$1:$D$2396  'C. 건강 상태'!$A$1:$D$2440  CV!$A$1:$D$54  'D. 고용'!$A$1:$D$1964  'E. 소득 및 소비'!$A$1:$D$1313  'F. 자산'!$A$1:$D$591  'G. 주관적 기대감 및 삶의 질'!$A$1:$D$441                  "
KLoSA/韩文版/codebook/고령화연구패널조사 1-10차 자료 코드북.zip!/원자료코드북/고령화연구패널 3차 원자료_코드북.xlsx,材料/KLoSA/韩文版/codebook/고령화연구패널조사 1-10차 자료 코드북.zip/解包/원자료코드북/고령화연구패널 3차 원자료_코드북.xlsx,fc99e38e8d5bfda46c3dac79142d4be51b1de565ffff3c605302825c39947be6,366429,False,XLSX工作簿结构可读,," 
                         'A. 인적속성'!$A$1:$D$313  'Ba. 가족(자녀 및 손자녀)'!$A$1:$D$3126  'Bb. 가족(부모 및 형제자매)'!$A$1:$D$2924  'C. 건강 상태'!$A$1:$D$2671  CV!$A$1:$D$54  'D. 고용'!$A$1:$D$1695  'E. 소득 및 소비'!$A$1:$D$1328  'F. 자산'!$A$1:$D$1203  'G. 주관적 기대감 및 삶의 질'!$A$1:$D$424                  "
KLoSA/韩文版/codebook/고령화연구패널조사 1-10차 자료 코드북.zip!/원자료코드북/고령화연구패널 4차 원자료_코드북.xlsx,材料/KLoSA/韩文版/codebook/고령화연구패널조사 1-10차 자료 코드북.zip/解包/원자료코드북/고령화연구패널 4차 원자료_코드북.xlsx,cdd48b03677eb0ffc890deb19860f890370436acf418d5161a9a79f89a19d388,383456,False,XLSX工作簿结构可读,," 
                         'A. 인적속성'!$A$1:$D$306  'Ba. 가족(자녀 및 손자녀)'!$A$1:$D$3166  'Bb. 가족(부모 및 형제자매)'!$A$1:$D$3180  'C. 건강 상태'!$A$1:$D$2594  CV!$A$1:$D$52  'D. 고용'!$A$1:$D$2080  'E. 소득 및 소비'!$A$1:$D$1366  'F. 자산'!$A$1:$D$1199  'G. 주관적 기대감 및 삶의 질'!$A$1:$D$454                     "
KLoSA/韩文版/codebook/고령화연구패널조사 1-10차 자료 코드북.zip!/원자료코드북/고령화연구패널 5차 원자료_코드북.xlsx,材料/KLoSA/韩文版/codebook/고령화연구패널조사 1-10차 자료 코드북.zip/解包/원자료코드북/고령화연구패널 5차 원자료_코드북.xlsx,c7bd4202470af62ba2e0a26b9d77d2c093fff23e31806425a394773251e8ef1d,266586,False,XLSX工作簿结构可读,," 
                         'A. 인적속성'!$A$1:$D$322  'Ba. 가족(자녀 및 손자녀)'!$A$1:$D$1623  'Bb. 가족(부모 및 형제자매)'!$A$1:$D$1991  'C. 건강 상태'!$A$1:$D$2220  CV!$A$1:$D$49  'D. 고용'!$A$1:$D$1621  'E. 소득 및 소비'!$A$1:$D$525  'F. 자산'!$A$1:$D$505  'G. 주관적 기대감 및 삶의 질'!$A$1:$D$471                  "
KLoSA/韩文版/codebook/고령화연구패널조사 1-10차 자료 코드북.zip!/원자료코드북/고령화연구패널 5차new 원자료_코드북.xlsx,材料/KLoSA/韩文版/codebook/고령화연구패널조사 1-10차 자료 코드북.zip/解包/원자료코드북/고령화연구패널 5차new 원자료_코드북.xlsx,2ee5d7dd5ed2487725bed495e07b72fc2393923a53076b8ee773b826ad70a84a,234634,False,XLSX工作簿结构可读,," 
                         'A. 인적속성'!$A$1:$D$194  'Ba. 가족(자녀 및 손자녀)'!$A$1:$D$1464  'Bb. 가족(부모 및 형제자매)'!$A$1:$D$1651  'C. 건강 상태'!$A$1:$D$1862  CV!$A$1:$D$51  'D. 고용'!$A$1:$D$1419  'E. 소득 및 소비'!$A$1:$D$511  'F. 자산'!$A$1:$D$509  'G. 주관적 기대감 및 삶의 질'!$A$1:$D$446                  "
KLoSA/韩文版/codebook/고령화연구패널조사 1-10차 자료 코드북.zip!/원자료코드북/고령화연구패널 6차 원자료_코드북.xlsx,材料/KLoSA/韩文版/codebook/고령화연구패널조사 1-10차 자료 코드북.zip/解包/원자료코드북/고령화연구패널 6차 원자료_코드북.xlsx,55f760c38de87229f119383b90094c2c2183cbfcc577c5d989a1fcaefa2c8d86,318063,False,XLSX工作簿结构可读,," 
                         'A. 인적속성'!$A$1:$D$343  'Ba. 가족(자녀 및 손자녀)'!$A$1:$D$1629  'Bb. 가족(부모 및 형제자매)'!$A$1:$D$1814  'C. 건강 상태'!$A$1:$D$2261  CV!$A$1:$D$64  'D. 고용'!$A$1:$D$2400  'E. 소득 및 소비'!$A$1:$D$1254  'F. 자산'!$A$1:$D$1308  'G. 주관적 기대감 및 삶의 질'!$A$1:$D$462                     "
KLoSA/韩文版/codebook/고령화연구패널조사 1-10차 자료 코드북.zip!/원자료코드북/고령화연구패널 7차 원자료_코드북.xlsx,材料/KLoSA/韩文版/codebook/고령화연구패널조사 1-10차 자료 코드북.zip/解包/원자료코드북/고령화연구패널 7차 원자료_코드북.xlsx,1975fb54dc6addbbe8c675c61d3ca54ed509865760ae2623bf5b0583f150de74,297903,False,XLSX工作簿结构可读,," 
                         'A. 인적속성'!$A$1:$D$348  'Ba. 가족(자녀 및 손자녀)'!$A$1:$D$1604  'Bb. 가족(부모 및 형제자매)'!$A$1:$D$1659  'C. 건강 상태'!$A$1:$D$2365  CV!$A$1:$D$76  'D. 고용'!$A$1:$D$1845  'E. 소득 및 소비'!$A$1:$D$949  'F. 자산'!$A$1:$D$1315  'G. 주관적 기대감 및 삶의 질'!$A$1:$D$467         "
KLoSA/韩文版/codebook/고령화연구패널조사 1-10차 자료 코드북.zip!/원자료코드북/고령화연구패널 8차 원자료 코드북.xlsx,材料/KLoSA/韩文版/codebook/고령화연구패널조사 1-10차 자료 코드북.zip/解包/원자료코드북/고령화연구패널 8차 원자료 코드북.xlsx,43147e453cfb32af5a10d4e4b4d046e47c5462ddbe36cdb3910090eee7c09c98,281465,False,XLSX工作簿结构可读,," 
                         'A. 인적속성'!$A$1:$D$345  'Ba. 가족(자녀 및 손자녀)'!$A$1:$D$1646  'Bb. 가족(부모 및 형제자매)'!$A$1:$D$1655  'C. 건강 상태'!$A$1:$D$2119  CV!$A$1:$D$68  'D. 고용'!$A$1:$D$2979  'E. 소득 및 소비'!$A$1:$D$271  'F. 자산'!$A$1:$D$296  'G. 주관적 기대감 및 삶의 질'!$A$1:$D$470         "
KLoSA/韩文版/codebook/고령화연구패널조사 1-10차 자료 코드북.zip!/원자료코드북/고령화연구패널 9차 원자료 코드북.xlsx,材料/KLoSA/韩文版/codebook/고령화연구패널조사 1-10차 자료 코드북.zip/解包/원자료코드북/고령화연구패널 9차 원자료 코드북.xlsx,6850b83ff62efa2ab6791a2f9551c9f21b7b3ebc10006a7d80dc6dbadb90198c,269913,False,XLSX工作簿结构可读,," 
                         'A. 인적속성'!$A$1:$D$350  'Ba. 가족(자녀 및 손자녀)'!$A$1:$D$1356  'Bb. 가족(부모 및 형제자매)'!$A$1:$D$1369  'C. 건강 상태'!$A$1:$D$2103  CV!$A$1:$D$56  'D. 고용'!$A$1:$D$2941  'E. 소득 및 소비'!$A$1:$D$266  'F. 자산'!$A$1:$D$319  'G. 주관적 기대감 및 삶의 질'!$A$1:$D$472         "
KLoSA/韩文版/codebook/고령화연구패널조사 1-10차 자료 코드북.zip!/고령화연구패널 1-10차 사망자 코드북_260227.xlsx,材料/KLoSA/韩文版/codebook/고령화연구패널 1-10차 사망자 코드북_260227.xlsx,b58dd2391a9d1ceb76983e9d0d19518adb54ec6f9d8cd413bf47bded710fa26f,264587,True,XLSX工作簿结构可读,," 
                         '10차'!$A$1:$D$2282  '2차'!$A$1:$C$1133  '3차'!$A$1:$C$1119  '4차'!$A$1:$C$1300  '5차(기존)'!$A$1:$C$1300  '6차'!$A$1:$C$1401  '7차'!$A$1:$C$1254  '8차'!$A$1:$C$1254  '9차'!$A$1:$C$1256         "
KLoSA/韩文版/codebook/고령화연구패널조사 1-10차 자료 코드북_解压/고령화연구패널 1-10차 사망자 코드북_260227.xlsx,材料/KLoSA/韩文版/codebook/고령화연구패널 1-10차 사망자 코드북_260227.xlsx,b58dd2391a9d1ceb76983e9d0d19518adb54ec6f9d8cd413bf47bded710fa26f,264587,True,XLSX工作簿结构可读,," 
                         '10차'!$A$1:$D$2282  '2차'!$A$1:$C$1133  '3차'!$A$1:$C$1119  '4차'!$A$1:$C$1300  '5차(기존)'!$A$1:$C$1300  '6차'!$A$1:$C$1401  '7차'!$A$1:$C$1254  '8차'!$A$1:$C$1254  '9차'!$A$1:$C$1256         "
KLoSA/韩文版/codebook/고령화연구패널조사 1-10차 자료 코드북_解压/구조변환자료 코드북/고령화연구패널 10차 구조변환자료 코드북.xlsx,材料/KLoSA/韩文版/codebook/고령화연구패널조사 1-10차 자료 코드북.zip/解包/구조변환자료 코드북/고령화연구패널 10차 구조변환자료 코드북.xlsx,5fbd59e569112cacc3dcf3cd4187b36a7e14bad10cc4573df615b9d87819b061,287022,True,XLSX工作簿结构可读,," 
                         'A. 인적속성'!$A$1:$D$399  'Ba. 가족(자녀 및 손자녀)'!$A$1:$D$1579  'Bb. 가족(부모 및 형제자매)'!$A$1:$D$1623  'C. 건강 상태'!$A$1:$D$2621  CV!$A$1:$D$69  'D. 고용'!$A$1:$D$1788  'E. 소득 및 소비'!$A$1:$D$610  'F. 자산'!$A$1:$D$707  'G. 주관적 기대감 및 삶의 질'!$A$1:$D$472            "
KLoSA/韩文版/codebook/고령화연구패널조사 1-10차 자료 코드북_解压/구조변환자료 코드북/고령화연구패널 1차 구조변환자료 코드북.xlsx,材料/KLoSA/韩文版/codebook/고령화연구패널조사 1-10차 자료 코드북.zip/解包/구조변환자료 코드북/고령화연구패널 1차 구조변환자료 코드북.xlsx,46d46ccacafe327aa3e74cf7b9c4b5adba822ce0fc1ac027494b2e455166b0e3,230474,True,XLSX工作簿结构可读,," 
                         'A. 인적속성'!$A$1:$D$237  'Ba. 가족(자녀 및 손자녀)'!$A$1:$D$2024  'Bb. 가족(부모 및 형제자매)'!$A$1:$D$2176  'C. 건강 상태'!$A$1:$D$1322  CV!$A$1:$D$24  'D. 고용'!$A$1:$D$639  'E. 소득 및 소비'!$A$1:$D$774  'F. 자산'!$A$1:$D$575  'G. 주관적 기대감 및 삶의 질'!$A$1:$D$315                     "
KLoSA/韩文版/codebook/고령화연구패널조사 1-10차 자료 코드북_解压/구조변환자료 코드북/고령화연구패널 2차 구조변환자료 코드북.xlsx,材料/KLoSA/韩文版/codebook/고령화연구패널조사 1-10차 자료 코드북.zip/解包/구조변환자료 코드북/고령화연구패널 2차 구조변환자료 코드북.xlsx,abbb6ea465684ab1dcd824f6409211d1033c8474059eedd7bc8024aeac3ae990,270323,True,XLSX工作簿结构可读,," 
                         'Ba. 가족(자녀 및 손자녀)'!$A$1:$D$1803  'Bb. 가족(부모 및 형제자매)'!$A$1:$D$1737  'C. 건강 상태'!$A$1:$D$2512  'D. 고용'!$A$1:$D$1207  'E. 소득 및 소비'!$A$1:$D$893  'F. 자산'!$A$1:$D$619  'G. 주관적 기대감 및 삶의 질'!$A$1:$D$423                     "
KLoSA/韩文版/codebook/고령화연구패널조사 1-10차 자료 코드북_解压/구조변환자료 코드북/고령화연구패널 3차 구조변환자료 코드북.xlsx,材料/KLoSA/韩文版/codebook/고령화연구패널조사 1-10차 자료 코드북.zip/解包/구조변환자료 코드북/고령화연구패널 3차 구조변환자료 코드북.xlsx,892a16edbf2e8e7376db0f86083c92c3e660337191628efa29bcaea4696ba28e,271001,True,XLSX工作簿结构可读,," 
                         'A. 인적속성'!$A$1:$D$307  'Ba. 가족(자녀 및 손자녀)'!$A$1:$D$1881  'Bb. 가족(부모 및 형제자매)'!$A$1:$D$1582  'C. 건강 상태'!$A$1:$D$2746  CV!$A$1:$D$30  'D. 고용'!$A$1:$D$1140  'E. 소득 및 소비'!$A$1:$D$905  'F. 자산'!$A$1:$D$610  'G. 주관적 기대감 및 삶의 질'!$A$1:$D$424  'Bb. 가족(부모 및 형제자매)'!#REF!               "
KLoSA/韩文版/codebook/고령화연구패널조사 1-10차 자료 코드북_解压/구조변환자료 코드북/고령화연구패널 4차 구조변환자료 코드북.xlsx,材料/KLoSA/韩文版/codebook/고령화연구패널조사 1-10차 자료 코드북.zip/解包/구조변환자료 코드북/고령화연구패널 4차 구조변환자료 코드북.xlsx,61edb5e3d5119107eeaecea625a5598d8b3f65bdce36a8138de5f4c1d7f0fca1,275049,True,XLSX工作簿结构可读,," 
                         'A. 인적속성'!$A$1:$D$307  'Ba. 가족(자녀 및 손자녀)'!$A$1:$D$1933  'Bb. 가족(부모 및 형제자매)'!$A$1:$D$1640  'C. 건강 상태'!$A$1:$D$2664  CV!$A$1:$D$30  'D. 고용'!$A$1:$D$1164  'E. 소득 및 소비'!$A$1:$D$942  'F. 자산'!$A$1:$D$601  'G. 주관적 기대감 및 삶의 질'!$A$1:$D$429                     "
KLoSA/韩文版/codebook/고령화연구패널조사 1-10차 자료 코드북_解压/구조변환자료 코드북/고령화연구패널 5차 구조변환자료 코드북.xlsx,材料/KLoSA/韩文版/codebook/고령화연구패널조사 1-10차 자료 코드북.zip/解包/구조변환자료 코드북/고령화연구패널 5차 구조변환자료 코드북.xlsx,8e2a4eef3e716d5fc96cfcecc17d261d1dac48e2b73036be69df2561d43ccfb5,260887,True,XLSX工作簿结构可读,," 
                         'A. 인적속성'!$A$1:$D$336  'Ba. 가족(자녀 및 손자녀)'!$A$1:$D$1628  'Bb. 가족(부모 및 형제자매)'!$A$1:$D$1824  'C. 건강 상태'!$A$1:$D$2506  CV!$A$1:$D$37  'D. 고용'!$A$1:$D$1191  'E. 소득 및 소비'!$A$1:$D$525  'F. 자산'!$A$1:$D$605  'G. 주관적 기대감 및 삶의 질'!$A$1:$D$446                     "
KLoSA/韩文版/codebook/고령화연구패널조사 1-10차 자료 코드북_解压/구조변환자료 코드북/고령화연구패널 6차 구조변환자료 코드북.xlsx,材料/KLoSA/韩文版/codebook/고령화연구패널조사 1-10차 자료 코드북.zip/解包/구조변환자료 코드북/고령화연구패널 6차 구조변환자료 코드북.xlsx,45dc6b037d9e8459c412a76722a5d39831a673ac880b6e0972d831935f2c536f,254259,True,XLSX工作簿结构可读,," 
                         'A. 인적속성'!$A$1:$D$346  'Ba. 가족(자녀 및 손자녀)'!$A$1:$D$1616  'Bb. 가족(부모 및 형제자매)'!$A$1:$D$1468  'C. 건강 상태'!$A$1:$D$2324  CV!$A$1:$D$35  'D. 고용'!$A$1:$D$1215  'E. 소득 및 소비'!$A$1:$D$684  'F. 자산'!$A$1:$D$698  'G. 주관적 기대감 및 삶의 질'!$A$1:$D$447                     "
KLoSA/韩文版/codebook/고령화연구패널조사 1-10차 자료 코드북_解压/구조변환자료 코드북/고령화연구패널 7차 구조변환자료 코드북.xlsx,材料/KLoSA/韩文版/codebook/고령화연구패널조사 1-10차 자료 코드북.zip/解包/구조변환자료 코드북/고령화연구패널 7차 구조변환자료 코드북.xlsx,c3ca49c2284f7785509c28f43446e24557d181e1c4e7e721ce6dbfa03dba47f6,257601,True,XLSX工作簿结构可读,," 
                         'A. 인적속성'!$A$1:$D$351  'Ba. 가족(자녀 및 손자녀)'!$A$1:$D$1628  'Bb. 가족(부모 및 형제자매)'!$A$1:$D$1335  'C. 건강 상태'!$A$1:$D$2467  CV!$A$1:$D$35  'D. 고용'!$A$1:$D$1312  'E. 소득 및 소비'!$A$1:$D$572  'F. 자산'!$A$1:$D$726  'G. 주관적 기대감 및 삶의 질'!$A$1:$D$437                     "
KLoSA/韩文版/codebook/고령화연구패널조사 1-10차 자료 코드북_解压/구조변환자료 코드북/고령화연구패널 8차 구조변환자료 코드북.xlsx,材料/KLoSA/韩文版/codebook/고령화연구패널조사 1-10차 자료 코드북.zip/解包/구조변환자료 코드북/고령화연구패널 8차 구조변환자료 코드북.xlsx,ae7b06cb54de5938c6b25cc15fe7f99ff973a63cdc673c5db75e4984f0d054e8,247474,True,XLSX工作簿结构可读,," 
                         'A. 인적속성'!$A$1:$D$356  'Ba. 가족(자녀 및 손자녀)'!$A$1:$D$1613  'Bb. 가족(부모 및 형제자매)'!$A$1:$D$1325  'C. 건강 상태'!$A$1:$D$2251  CV!$A$1:$D$35  'D. 고용'!$A$1:$D$1658  'E. 소득 및 소비'!$A$1:$D$324  'F. 자산'!$A$1:$D$317  'G. 주관적 기대감 및 삶의 질'!$A$1:$D$440                     "
KLoSA/韩文版/codebook/고령화연구패널조사 1-10차 자료 코드북_解压/구조변환자료 코드북/고령화연구패널 9차 구조변환자료 코드북.xlsx,材料/KLoSA/韩文版/codebook/고령화연구패널조사 1-10차 자료 코드북.zip/解包/구조변환자료 코드북/고령화연구패널 9차 구조변환자료 코드북.xlsx,33f8c9096f02f6a166e11e0ae3c89cd57b03a5af3e259d80ff3825df42cc1271,263839,True,XLSX工作簿结构可读,," 
                         'A. 인적속성'!$A$1:$D$370  'Ba. 가족(자녀 및 손자녀)'!$A$1:$D$1593  'Bb. 가족(부모 및 형제자매)'!$A$1:$D$1520  'C. 건강 상태'!$A$1:$D$2280  CV!$A$1:$D$56  'D. 고용'!$A$1:$D$1740  'E. 소득 및 소비'!$A$1:$D$312  'F. 자산'!$A$1:$D$351  'G. 주관적 기대감 및 삶의 질'!$A$1:$E$472                     "
KLoSA/韩文版/codebook/고령화연구패널조사 1-10차 자료 코드북_解压/원자료코드북/고령화연구패널 10차 원자료 코드북.xlsx,材料/KLoSA/韩文版/codebook/고령화연구패널조사 1-10차 자료 코드북.zip/解包/원자료코드북/고령화연구패널 10차 원자료 코드북.xlsx,2ca48aa8be98475241be5994a307d9d282037851ec5523ff4d5e3114c224a2bb,335083,True,XLSX工作簿结构可读,," 
                         'A. 인적속성'!$A$1:$D$388  'Ba. 가족(자녀 및 손자녀)'!$A$1:$D$1530  'Bb. 가족(부모'!$A$1:$D$1782  'C. 건강'!$A$1:$D$2541  CV!$A$1:$D$57  'D. 고용'!$A$1:$D$3353  'E. 소득'!$A$1:$D$586  'F. 자산'!$A$1:$D$687  'G. 주관적 기대감 및 삶의 질'!$A$1:$D$474         "
KLoSA/韩文版/codebook/고령화연구패널조사 1-10차 자료 코드북_解压/원자료코드북/고령화연구패널 1차 원자료 코드북.xlsx,材料/KLoSA/韩文版/codebook/고령화연구패널조사 1-10차 자료 코드북.zip/解包/원자료코드북/고령화연구패널 1차 원자료 코드북.xlsx,c900130e539941caf9f398f772b9e7443ee03c5ac1b1d2b18373fb6d287f023c,360986,True,XLSX工作簿结构可读,," 
                         'A. 인적속성'!$A$1:$D$238  'Ba. 가족(자녀 및 손자녀)'!$A$1:$D$2869  'Bb. 가족(부모 및 형제자매)'!$A$1:$D$5260  'C. 건강 상태'!$A$1:$D$1274  CV!$A$1:$D$6  'D. 고용'!$A$1:$D$2020  'E. 소득 및 소비'!$A$1:$D$1019  'F. 자산'!$A$1:$D$552                  "
KLoSA/韩文版/codebook/고령화연구패널조사 1-10차 자료 코드북_解压/원자료코드북/고령화연구패널 2차 원자료 코드북.xlsx,材料/KLoSA/韩文版/codebook/고령화연구패널조사 1-10차 자료 코드북.zip/解包/원자료코드북/고령화연구패널 2차 원자료 코드북.xlsx,7db2900597ab73fcfbc83318674ed30bb0bd9256f6ebd6165cb9c70a84254ab1,333403,True,XLSX工作簿结构可读,," 
                         'A. 인적속성'!$A$1:$D$310  'Ba. 가족(자녀 및 손자녀)'!$A$1:$D$2848  'Bb. 가족(부모 및 형제자매)'!$A$1:$D$2396  'C. 건강 상태'!$A$1:$D$2440  CV!$A$1:$D$54  'D. 고용'!$A$1:$D$1964  'E. 소득 및 소비'!$A$1:$D$1313  'F. 자산'!$A$1:$D$591  'G. 주관적 기대감 및 삶의 질'!$A$1:$D$441                  "
KLoSA/韩文版/codebook/고령화연구패널조사 1-10차 자료 코드북_解压/원자료코드북/고령화연구패널 3차 원자료_코드북.xlsx,材料/KLoSA/韩文版/codebook/고령화연구패널조사 1-10차 자료 코드북.zip/解包/원자료코드북/고령화연구패널 3차 원자료_코드북.xlsx,fc99e38e8d5bfda46c3dac79142d4be51b1de565ffff3c605302825c39947be6,366429,True,XLSX工作簿结构可读,," 
                         'A. 인적속성'!$A$1:$D$313  'Ba. 가족(자녀 및 손자녀)'!$A$1:$D$3126  'Bb. 가족(부모 및 형제자매)'!$A$1:$D$2924  'C. 건강 상태'!$A$1:$D$2671  CV!$A$1:$D$54  'D. 고용'!$A$1:$D$1695  'E. 소득 및 소비'!$A$1:$D$1328  'F. 자산'!$A$1:$D$1203  'G. 주관적 기대감 및 삶의 질'!$A$1:$D$424                  "
KLoSA/韩文版/codebook/고령화연구패널조사 1-10차 자료 코드북_解压/원자료코드북/고령화연구패널 4차 원자료_코드북.xlsx,材料/KLoSA/韩文版/codebook/고령화연구패널조사 1-10차 자료 코드북.zip/解包/원자료코드북/고령화연구패널 4차 원자료_코드북.xlsx,cdd48b03677eb0ffc890deb19860f890370436acf418d5161a9a79f89a19d388,383456,True,XLSX工作簿结构可读,," 
                         'A. 인적속성'!$A$1:$D$306  'Ba. 가족(자녀 및 손자녀)'!$A$1:$D$3166  'Bb. 가족(부모 및 형제자매)'!$A$1:$D$3180  'C. 건강 상태'!$A$1:$D$2594  CV!$A$1:$D$52  'D. 고용'!$A$1:$D$2080  'E. 소득 및 소비'!$A$1:$D$1366  'F. 자산'!$A$1:$D$1199  'G. 주관적 기대감 및 삶의 질'!$A$1:$D$454                     "
KLoSA/韩文版/codebook/고령화연구패널조사 1-10차 자료 코드북_解压/원자료코드북/고령화연구패널 5차 원자료_코드북.xlsx,材料/KLoSA/韩文版/codebook/고령화연구패널조사 1-10차 자료 코드북.zip/解包/원자료코드북/고령화연구패널 5차 원자료_코드북.xlsx,c7bd4202470af62ba2e0a26b9d77d2c093fff23e31806425a394773251e8ef1d,266586,True,XLSX工作簿结构可读,," 
                         'A. 인적속성'!$A$1:$D$322  'Ba. 가족(자녀 및 손자녀)'!$A$1:$D$1623  'Bb. 가족(부모 및 형제자매)'!$A$1:$D$1991  'C. 건강 상태'!$A$1:$D$2220  CV!$A$1:$D$49  'D. 고용'!$A$1:$D$1621  'E. 소득 및 소비'!$A$1:$D$525  'F. 자산'!$A$1:$D$505  'G. 주관적 기대감 및 삶의 질'!$A$1:$D$471                  "
KLoSA/韩文版/codebook/고령화연구패널조사 1-10차 자료 코드북_解压/원자료코드북/고령화연구패널 5차new 원자료_코드북.xlsx,材料/KLoSA/韩文版/codebook/고령화연구패널조사 1-10차 자료 코드북.zip/解包/원자료코드북/고령화연구패널 5차new 원자료_코드북.xlsx,2ee5d7dd5ed2487725bed495e07b72fc2393923a53076b8ee773b826ad70a84a,234634,True,XLSX工作簿结构可读,," 
                         'A. 인적속성'!$A$1:$D$194  'Ba. 가족(자녀 및 손자녀)'!$A$1:$D$1464  'Bb. 가족(부모 및 형제자매)'!$A$1:$D$1651  'C. 건강 상태'!$A$1:$D$1862  CV!$A$1:$D$51  'D. 고용'!$A$1:$D$1419  'E. 소득 및 소비'!$A$1:$D$511  'F. 자산'!$A$1:$D$509  'G. 주관적 기대감 및 삶의 질'!$A$1:$D$446                  "
KLoSA/韩文版/codebook/고령화연구패널조사 1-10차 자료 코드북_解压/원자료코드북/고령화연구패널 6차 원자료_코드북.xlsx,材料/KLoSA/韩文版/codebook/고령화연구패널조사 1-10차 자료 코드북.zip/解包/원자료코드북/고령화연구패널 6차 원자료_코드북.xlsx,55f760c38de87229f119383b90094c2c2183cbfcc577c5d989a1fcaefa2c8d86,318063,True,XLSX工作簿结构可读,," 
                         'A. 인적속성'!$A$1:$D$343  'Ba. 가족(자녀 및 손자녀)'!$A$1:$D$1629  'Bb. 가족(부모 및 형제자매)'!$A$1:$D$1814  'C. 건강 상태'!$A$1:$D$2261  CV!$A$1:$D$64  'D. 고용'!$A$1:$D$2400  'E. 소득 및 소비'!$A$1:$D$1254  'F. 자산'!$A$1:$D$1308  'G. 주관적 기대감 및 삶의 질'!$A$1:$D$462                     "
KLoSA/韩文版/codebook/고령화연구패널조사 1-10차 자료 코드북_解压/원자료코드북/고령화연구패널 7차 원자료_코드북.xlsx,材料/KLoSA/韩文版/codebook/고령화연구패널조사 1-10차 자료 코드북.zip/解包/원자료코드북/고령화연구패널 7차 원자료_코드북.xlsx,1975fb54dc6addbbe8c675c61d3ca54ed509865760ae2623bf5b0583f150de74,297903,True,XLSX工作簿结构可读,," 
                         'A. 인적속성'!$A$1:$D$348  'Ba. 가족(자녀 및 손자녀)'!$A$1:$D$1604  'Bb. 가족(부모 및 형제자매)'!$A$1:$D$1659  'C. 건강 상태'!$A$1:$D$2365  CV!$A$1:$D$76  'D. 고용'!$A$1:$D$1845  'E. 소득 및 소비'!$A$1:$D$949  'F. 자산'!$A$1:$D$1315  'G. 주관적 기대감 및 삶의 질'!$A$1:$D$467         "
KLoSA/韩文版/codebook/고령화연구패널조사 1-10차 자료 코드북_解压/원자료코드북/고령화연구패널 8차 원자료 코드북.xlsx,材料/KLoSA/韩文版/codebook/고령화연구패널조사 1-10차 자료 코드북.zip/解包/원자료코드북/고령화연구패널 8차 원자료 코드북.xlsx,43147e453cfb32af5a10d4e4b4d046e47c5462ddbe36cdb3910090eee7c09c98,281465,True,XLSX工作簿结构可读,," 
                         'A. 인적속성'!$A$1:$D$345  'Ba. 가족(자녀 및 손자녀)'!$A$1:$D$1646  'Bb. 가족(부모 및 형제자매)'!$A$1:$D$1655  'C. 건강 상태'!$A$1:$D$2119  CV!$A$1:$D$68  'D. 고용'!$A$1:$D$2979  'E. 소득 및 소비'!$A$1:$D$271  'F. 자산'!$A$1:$D$296  'G. 주관적 기대감 및 삶의 질'!$A$1:$D$470         "
KLoSA/韩文版/codebook/고령화연구패널조사 1-10차 자료 코드북_解压/원자료코드북/고령화연구패널 9차 원자료 코드북.xlsx,材料/KLoSA/韩文版/codebook/고령화연구패널조사 1-10차 자료 코드북.zip/解包/원자료코드북/고령화연구패널 9차 원자료 코드북.xlsx,6850b83ff62efa2ab6791a2f9551c9f21b7b3ebc10006a7d80dc6dbadb90198c,269913,True,XLSX工作簿结构可读,," 
                         'A. 인적속성'!$A$1:$D$350  'Ba. 가족(자녀 및 손자녀)'!$A$1:$D$1356  'Bb. 가족(부모 및 형제자매)'!$A$1:$D$1369  'C. 건강 상태'!$A$1:$D$2103  CV!$A$1:$D$56  'D. 고용'!$A$1:$D$2941  'E. 소득 및 소비'!$A$1:$D$266  'F. 자산'!$A$1:$D$319  'G. 주관적 기대감 및 삶의 질'!$A$1:$D$472         "
KLoSA/韩文版/data/고령화연구패널 인지기능 측정 및 MMSE 생성변수 사용 관련 안내.pdf,材料/KLoSA/韩文版/data/고령화연구패널 인지기능 측정 및 MMSE 생성변수 사용 관련 안내.pdf,75ba0432800e1f7a6e129cd478dc446bdc2e807ee1d3c49988084215b27d6164,250270,False,PDF可打开；首页无可提取文本，待按需OCR,1,
KLoSA/韩文版/guide/1차 고령화연구패널 무응답대체사용자안내서.pdf,材料/KLoSA/韩文版/guide/1차 고령화연구패널 무응답대체사용자안내서.pdf,ba68b056ac744ba0e3115c2e357026193539f1603f1504f14a0bf2b7fceb2d43,377299,False,PDF可打开；首页可提取文本,15,"KLoSA USER GUIDE 고령화연구패널조사1차조사자료에서발생하는 결측값에대한Multiple Imputation - 대체된자료의분석- 2007. 10. - 1 - 고령화연구패널조사는 고령화 시대에 대비하기 위하여 한국의 고령자 모집단에 대한 실태를 파악하고 기초 자료를 수집하기 위하여 계획되었고 1차 조사가 2006년에 실시되었다. 2007년에는 1차 조사 자료에서 발생하는 결측값에 대하여 소득 및 자산 변수를 중심으로 한 다중대체(multiple imputation)가 시행되었다. 본 User Guide는 2007년 시행된 multiple imputation을 통하여 생성된 대체(impute)된 자료에 대한 사용자들의 이해를 돕고 자 한다. 1장에서는 우선 multiple imputation을 위하여 사용된 imputation 모형에 대하여 간략히 설명하고 2장에서는 대체된 자료의 형태 및 자료에서 원래 관찰된 값과 대체된 값 을 구별하는 방법에 대하여 설명한다. 3장에서는 대체된 자료를 사용하여 분석을 시행하는 방법에 관하여 설명하였다. Imputation 모형에 대한 자세한 설명 및 결과 비교는 KLoSA multiple imputation 결과 보고서(report)(송주원 외, 2007)에 나타난다. 1. 결측값 대체 방법 고령화연구패"
KLoSA/韩文版/guide/1차 고령화연구패널 사용자 안내서.pdf,材料/KLoSA/韩文版/guide/1차 고령화연구패널 사용자 안내서.pdf,971b3f74e61094d59929a098a19099aee91ba395a4ce6ba7085696b24ac81792,1122891,False,PDF可打开；首页可提取文本,31,"년 2006 고령화연구패널조사 사용자안내서 Data version 1.0 년 월 2007 11 머리말 한국노동연구원은압축적고령화를겪고있는우리나라의고령화과정을파악하고 이에 , 대비한정책수립과학술연구에활용하기위하여 세이상중고령자를대상으로하는패 , 45 널자료를구축하기로하였다 이패널조사의명칭은 고령화연구패널조사 . ‘ (KLoSA: Korean 로명명하였다 년에약 만여명의중고령자패널구 Longitudinal Study of Ageing)’ . 2006 1 축과함께제차년도기본조사를완료하였고지금은개인직업력조사를진행중에있다 1 , . 고령화연구패널조사이하 는조사의내용과방법 양측면에서중요한의의를지 ( KLoSA) , 닌조사이다 내용면에서는 빠르게진행되는우리나라고령화에대한정책및다학제적연 . , 구를위한기초자료로서의의가있다 의조사내용은사회적 경제적 육체적 정신 . KLoSA , , , 적삶의여러측면을다루고있어서사회학 경제학 보건의료학 사회복지학 노년학 심리 , , , , , 학 가족학 인구학등다양한학문분야를포괄하고있다 또한미국과유럽여러나라의 , , . 고령자대상패널자료와의비교연구를염두에두고설계되었다 조사방법상의의의는우리 . 나라에서는처음으로컴퓨터를이용한대인면접 방식으로수집한패널자료라는점에 (CAPI) 서찾을수있다 우리나라에서도컴퓨터를이용한자료수집은전화조사 나웹조"
KLoSA/韩文版/guide/1차 고령화연구패널 생성변수안내서1.pdf,材料/KLoSA/韩文版/guide/1차 고령화연구패널 생성변수안내서1.pdf,57f224d13c49475dd6d36378d03b078f68d96b5356d9b35b6c291b62fbf59170,540845,False,PDF可打开；首页可提取文本,37,"2006년 고령화연구패널조사 1차 기본조사 데이터 생성변수 안내서1 Data version 1.0 2007년 11월 - 1 - A. 인구학적 배경 영역 변수명 변수설명 참조 항목 및 페이지 w01edu 응답자 학력 1. 응답자 학력 구분 (p.5) w01respid1 가구원 내 응답자 순번 (전체 가구원 중 응답자가 45세 이상 중에서 몇 번째 인지 알려주는 번호) w01year 응답자가 태어난 해 w01a001_age 응답자 연령(=2006-w01A001y) w01gender1 응답자 성별 w01respid2 응답자의 배우자 존재 여부 알려주는 번호 (값이 있으면 배우자 있고, 결측치이면 배우자 없거나 45세 이하) w01year2 응답자 배우자가 태어난 해 w01age2 응답자 배우자의 나이(=2006-year2) w01gender2 응답자 배우자의 성별 w01hhsize 가구원 수 w01gen_num 세대구분 2. 세대구분 (p.6) w01e_num 본 설문에 응답해야 할 가구원 수 w01CID 부부아이디 3. 부부아이디 (p.7) w01c_num 가구내 부부 단위 구분 w01region1 지역1: 특별시, 광역시, 도 w01region2 지역2: 동부/읍면부 w01region3 지역3 : 대도시/중소도시/읍면부 4. 대도시/중소도시/ 읍면"
KLoSA/韩文版/guide/1차 고령화연구패널 생성변수안내서2.pdf,材料/KLoSA/韩文版/guide/1차 고령화연구패널 생성변수안내서2.pdf,7d35039c4902bf4b82a848a8c8985509335473a6b9125682a016e6f34f020d7f,596351,False,PDF可打开；首页可提取文本,50,2006년 고령화연구패널조사 1차 기본조사 데이터 생성변수 안내서2 - 소득 및 자산 영역 Data version 1.1 2008년 1월 - 1 - 소득 변수명 변수설명 참조항목 및 페이지 w01pinc 개인총소득 1. 개인총소득 (p.4) w01earned 근로총소득 (=임금소득+자영업소득+농어업소득+부업소득) 2. 근로총소득(임금/자영업/ 농어업/부업 소득) (p.5) w01wage 임금소득 w01selfemployed 자영업소득 w01agriculture 농어업소득 w01sideline 부업소득 w01assetinc 자산총소득 (=금융소득+부동산소득) 3. 자산총소득(금융/부동산 소득) (p.6) w01financial 금융소득 w01realestateinc 부동산소득 w01publictrans 공전이전소득 (=공적연금총소득+사회보장총소득) 4. 공전이전소득/공적연금소 득(국민연금/특수직역연금 소 득) (p.7) w01annuity 공전연금소득 (=국민연금소득+특수직역연금소득) w01national 국민연금소득 w01particular 특수직역연금소득 w01socialsecurity 사회보장소득 (=실업급여소득+산재급여소득+국민기초생활대상 자급여소득+보훈연금급여소득+기타 사회복지수 당급여소득) 5. 사회보장소득(실업급여/산 재급여/국민기초생
KLoSA/韩文版/guide/2차 고령화연구패널 무응답대체 사용자안내서.pdf,材料/KLoSA/韩文版/guide/2차 고령화연구패널 무응답대체 사용자안내서.pdf,e842e8be177392f550a6daa9ad1dea0e93e1e7991f56fc2694c1a962dba66176,425723,False,PDF可打开；首页可提取文本,16,"KLoSA USER GUIDE 고령화연구패널2차조사자료에서발생하는 결측값에대한다중대체 - 대체된자료의분석- - 1 - 고령화연구패널조사는 고령화 시대에 대비하기 위하여 한국의 고령자 모집단에 대한 실태를 파악하고 기초 자료를 수집하기 위하여 계획되었고 1차 조사가 2006년에, 그리고 제 1차 추적조사인 2차 조사가 2008년에 실시되었다. 2007년에는 1차 조사 자료에서 발생하는 결 측값에 대하여 소득 및 자산 변수를 중심으로 한 다중대체(multiple imputation)가 시행되 었고 2008년 시행된 2010년에는 2차 조사에서 발생하는 결측값에 대하여 소득 및 자산 변 수를 중심으로 한 다중대체가 시행되었다. 본 User Guide는 2010년 시행된 다중대체을 통 하여 생성된 대체(impute)된 자료에 대한 사용자들의 이해를 돕고자 쓰여 졌다. 1장에서는 우선 다중대체를 실시할 때 사용된 대체 모형에 대하여 간략히 설명하고 2장에서는 대체된 자료의 형태 및 자료에서 원래 관찰된 값과 대체된 값을 구별하는 방법에 대하여 설명한다. 3장에서는 대체된 자료를 사용하여 분석을 시행하는 방법에 관하여 설명한다. 대체 모형에 대한 자세한 설명 및 결과 비교는 KLoSA 2차 자료에 대한 다중대체 결과 보고서(report) (송주원 외, 20"
KLoSA/韩文版/guide/2차 고령화연구패널 사용자 안내서.pdf,材料/KLoSA/韩文版/guide/2차 고령화연구패널 사용자 안내서.pdf,5235d9a634378f4b7040eacdc40b9351c53a7382400c398ad1e7b75e4501c5ac,2375883,False,PDF可打开；首页可提取文本,86,"http://www.kli.re.kr/klosa 고령화연구패널조사(KLoSA) 2008년 제2차 기본조사 사용자안내서 한국노동연구원 KOREA LABOR INSTITUTE 한국노동연구원은 압축적 고령화를 겪고 있는 우리나라의 고령화 과정을 파악하고, 이에 대비한 정책 수립과 학술 연구에 활용하기 위하여, 45세 이상 중고령자를 대상으로 하는 패널자료를 구축하기로 하였다. 이 패널조사 의 명칭은 ‘고령화연구패널조사(KLoSA: Korean Longitudinal Study of Ageing, 클로사)’로 명명하였다. 2006년 에 만 45세이상 10,254명의 패널 구축과 함께 제1차년도 기본조사를 마쳤고, 2007년 직업력 조사를 완료하였으 며, 2008년 12월 제2차 기본조사 실사를 완료한 후 2009년 7월 1일 제2차 베타 버전 데이터를 공개하게 되었다. 고령화연구패널조사(이하 KLoSA)는 조사의 내용과 방법, 양 측면에서 중요한 의의를 지닌 조사이다. 내용면에 서는, 빠르게 진행되는 우리나라 고령화에 대한 정책 및 다학제적 연구를 위한 기초자료로서 의의가 있다. KLoSA의 조사 내용은 사회적, 경제적, 육체적, 정신적 삶의 여러 측면을 다루고 있어서 사회학, 경제학, 보건의 료학, 사회복지학, 노년학, 심리학, 가족학, 인구학 등 다"
KLoSA/韩文版/guide/2차 고령화연구패널 생성변수안내서1.pdf,材料/KLoSA/韩文版/guide/2차 고령화연구패널 생성변수안내서1.pdf,d9a0041fb391abf2998136358c02211df10be8dae4b9b55a974a71aa575c55a8,381126,False,PDF可打开；首页可提取文本,25,"2008년 고령화연구패널조사 2차 기본조사 데이터 생성변수 안내서1 Data version 1.1 2011년 1월 - 1 - A. 인구학적 배경 영역 변수명 변수설명 참조 항목 및 페이지 w02edu 응답자 학력 1. 응답자 학력 구분 (pp.3~4) w02gen_num 세대구분 2. 세대구분 (p.5) w02CID 부부아이디 3. 부부아이디 (p.6) w02region3 지역3 : 대도시/중소도시/읍면부 4. 대도시/중소도시/ 읍면부로 구분 (p.7) C1. 건강상태 영역 변수명 변수설명 참조 항목 및 페이지 w02bmi 카우프 지수(BMI) 5. 카우프지수(BMI) 및 BMI에 따른 비만정도 (p.8) w02body BMI에 따른 비만 정도 w02smoke 흡연자 구분 6. 흡연자 구분 및 흡연기간 (pp.9~11) w02smkterm 흡연기간(단위: 개월) w02alc 음주자 구분 7. 음주자 구분, 음주기간, 알코올(소주/맥주/ 막걸리/양주/포도주) 섭취여부 및 음주태도 (알코올중독수준/과음/ 정상) 구분 (pp.12~14) w02alcterm 음주기간(단위: 개월) w02soju 소주 마시는 여부 w02beer 맥주 마시는 여부 w02makgeolli 막걸리 마시는 여부 w02wisk 양주 마시는 여부 w02wine 포도주 마시는 여부 "
KLoSA/韩文版/guide/2차 고령화연구패널 생성변수안내서2.pdf,材料/KLoSA/韩文版/guide/2차 고령화연구패널 생성변수안내서2.pdf,1a29458b12a348db3865829bb112022d50c79b5b850feef3cdd7a626ecb9c0b5,384200,False,PDF可打开；首页可提取文本,38,"년고령화연구패널조사 2008 차기본조사데이터 2 생성변수안내서2 소득및자산영역 - Data version 1.1 년 월 2011 1 - 1 - 생성변수목록 년 월기준 (2011 1 ) 본생성변수안내서는 가족영역의이전소득사적지원 소득영역및 자산영역을중심으 2 B. ( ), E. F. 로변수생성을하였다 변수생성안내서에서는변수생성할때사용한데이터가 차기본조사 버전 . 1 2 1.0 (A 영역 영역 이다 그러나이번에생성된변수들은 차기본조사 버전무응답대체 데이터 ~G : w02_v10k) . 2 1.1 ( ) 도함께사용하여만들었다 이번에생성된변수들은금액관련문항을가지고만들었기때문에 . w02_v11k 데이터만을이용할경우응답거절및모르겠음으로인해제외되는경우가있을수있다 그래서결측값에 . 대한 을하여결측치가보정된데이터를이용하여앞의문제점을보완하였다 총 개 Multiple Imputation . 5 의무응답대체데이터셋 을가지고각각변수를생성하였기때문에 생 (w02_i1_v11k ~ w02_i5_v11k) ‘ 성변수 도각데이터마다구성되므로총 개가된다 그리고 생성변수 는각무응답대체데이터셋의 ’ 5 . ‘ ’ 맨마지막변수 다음부터소득자산경제적지원의순서로붙여두었다 (w02imputation_) , , . 소득 변수명 변수설명 참조항목및페이지 w02pinc 개인총소득 개인총소득 "
KLoSA/韩文版/guide/고령화연구패널조사 유저가이드_260227.pdf,材料/KLoSA/韩文版/guide/고령화연구패널조사 유저가이드_260227.pdf,90dcc7ba01313cbdaf8a804a998dd7bddbce24f0c825f35237fa2b38af768228,894208,False,PDF可打开；首页可提取文本,105, 고령화연구패널조사 유저가이드 2026. 2. 고용통계조사팀 목 차 Ⅰ. 조사 소개······································································································· 1 Ⅱ. 자료 이용시 유의사항···················································································· 3 1. 자료 종류·········································································································································· 3 2. 변수명··············································································································································· 4 3. 패널 구성과 가중치 활용················································································
KLoSA/韩文版/guide/다중대체방법 및 생성변수 안내서.zip!/다중대체 안내서.pdf,材料/KLoSA/韩文版/guide/다중대체방법 및 생성변수 안내서.zip/解包/다중대체 안내서.pdf,a9ebda81e72a773b54b63c79acfa262cf3ccef8b6b1ea7e5f6c6c5a2cb492ba3,299809,False,PDF可打开；首页可提取文本,15,고령화연구패널 1~7차 자료 무응답 대체값 산출을 위한 다중대체 안내서 - 2 - 1. 다중 대체법 다중 대체 방법은 원표본의 결측값을 한 번 이상 대체하여 여러 개 ≥의 대체된 표본을 구하는 방법이다. 다중 대체 방법은 Rubin (1978) 에 의해 처음 소개되었고 이후 Rubin (1987a)의 책에서 자세하게 다루어졌다. 현재는 단일 대체방법에서 발생하는 대체에 의한 불확실성을 고려하는 방법으 로 여러 분야에서 사용되고 있다. 다중 대체법은 개의 대체된 표본을 만들 어야 하므로 항상 같은 값으로 결측자료를 대체할 수 없다. 그러므로 각 표본 은 결측자료의 예측분포 또는 사후분포에서 추출된 값으로 결측값을 대체하는 방법이 자연스럽다. 이런 이유로 다중 대체방법은 베이지안 방법을 이용하는 것이 적절하다고 알려져 있다. 이렇게 같은 예측분포로부터 대체값을 구하여 개의 대체 표본을 구하게 되면 이 개의 대체 표본으로부터 원하는 분석 을 각 각 수행하여 모수 의 점추정치와 표준오차의 추정치를 개 구한 후 이 들을 Rubin이 제시한 결합공식을 이용하여 결합(pooling)한 후 하나의 결과 를 제시하게 된다. 다중 대체법은 여러 번의 대체표본으로 대체-내 분산 (within-imputa- tion variance)과 대체-간 분산 
KLoSA/韩文版/guide/다중대체방법 및 생성변수 안내서.zip!/생성변수 안내서.pdf,材料/KLoSA/韩文版/guide/다중대체방법 및 생성변수 안내서.zip/解包/생성변수 안내서.pdf,e4e31e088c1b6a6364ebd9d7880403a56cbcd88495f94dcf2cb754b9f1976285,505287,False,PDF可打开；首页可提取文本,72,고령화연구패널 1~7차 자료 무응답 대체값 산출을 위한 생성변수 안내서 - 2 - 생성변수 목록 C1. 건강상태 영역 변수명 변수설명 w07bmi 카우프 지수(BMI) w07body BMI에 따른 비만 정도 w07smoke 흡연자 구분 w07alc 음주자 구분 w07soju 소주 마시는 여부 w07beer 맥주 마시는 여부 w07makgeolli 막걸리 마시는 여부 w07wisk 양주 마시는 여부 w07wine 포도주 마시는 여부 w07addic 음주태도 C2. 의료시설 이용 변수명 변수설명 w07days 총 입원일 수 w07oopm1 입원 시 본인 부담 총비용 w07oopm2 외래 본인 부담 총비용 C3. 일상생활 수행능력과 간병수발자 영역 변수명 변수설명 w07adl ADL 지수화 w07iadl IADL 지수화 C4. 인지력 영역 변수명 변수설명 w07mmse 인지기능 점수 w07mmseg 인지기능 구분 C5. 신체기능 측정 영역 변수명 변수설명 w07mgrip 악력 
KLoSA/韩文版/guide/다중대체방법 및 생성변수 안내서_解压/다중대체 안내서.pdf,材料/KLoSA/韩文版/guide/다중대체방법 및 생성변수 안내서.zip/解包/다중대체 안내서.pdf,a9ebda81e72a773b54b63c79acfa262cf3ccef8b6b1ea7e5f6c6c5a2cb492ba3,299809,True,PDF可打开；首页可提取文本,15,고령화연구패널 1~7차 자료 무응답 대체값 산출을 위한 다중대체 안내서 - 2 - 1. 다중 대체법 다중 대체 방법은 원표본의 결측값을 한 번 이상 대체하여 여러 개 ≥의 대체된 표본을 구하는 방법이다. 다중 대체 방법은 Rubin (1978) 에 의해 처음 소개되었고 이후 Rubin (1987a)의 책에서 자세하게 다루어졌다. 현재는 단일 대체방법에서 발생하는 대체에 의한 불확실성을 고려하는 방법으 로 여러 분야에서 사용되고 있다. 다중 대체법은 개의 대체된 표본을 만들 어야 하므로 항상 같은 값으로 결측자료를 대체할 수 없다. 그러므로 각 표본 은 결측자료의 예측분포 또는 사후분포에서 추출된 값으로 결측값을 대체하는 방법이 자연스럽다. 이런 이유로 다중 대체방법은 베이지안 방법을 이용하는 것이 적절하다고 알려져 있다. 이렇게 같은 예측분포로부터 대체값을 구하여 개의 대체 표본을 구하게 되면 이 개의 대체 표본으로부터 원하는 분석 을 각 각 수행하여 모수 의 점추정치와 표준오차의 추정치를 개 구한 후 이 들을 Rubin이 제시한 결합공식을 이용하여 결합(pooling)한 후 하나의 결과 를 제시하게 된다. 다중 대체법은 여러 번의 대체표본으로 대체-내 분산 (within-imputa- tion variance)과 대체-간 분산 
KLoSA/韩文版/guide/다중대체방법 및 생성변수 안내서_解压/생성변수 안내서.pdf,材料/KLoSA/韩文版/guide/다중대체방법 및 생성변수 안내서.zip/解包/생성변수 안내서.pdf,e4e31e088c1b6a6364ebd9d7880403a56cbcd88495f94dcf2cb754b9f1976285,505287,True,PDF可打开；首页可提取文本,72,고령화연구패널 1~7차 자료 무응답 대체값 산출을 위한 생성변수 안내서 - 2 - 생성변수 목록 C1. 건강상태 영역 변수명 변수설명 w07bmi 카우프 지수(BMI) w07body BMI에 따른 비만 정도 w07smoke 흡연자 구분 w07alc 음주자 구분 w07soju 소주 마시는 여부 w07beer 맥주 마시는 여부 w07makgeolli 막걸리 마시는 여부 w07wisk 양주 마시는 여부 w07wine 포도주 마시는 여부 w07addic 음주태도 C2. 의료시설 이용 변수명 변수설명 w07days 총 입원일 수 w07oopm1 입원 시 본인 부담 총비용 w07oopm2 외래 본인 부담 총비용 C3. 일상생활 수행능력과 간병수발자 영역 변수명 변수설명 w07adl ADL 지수화 w07iadl IADL 지수화 C4. 인지력 영역 변수명 변수설명 w07mmse 인지기능 점수 w07mmseg 인지기능 구분 C5. 신체기능 측정 영역 변수명 변수설명 w07mgrip 악력 
KLoSA/韩文版/questionnaire/KLoSA 1차_설문지.pdf,材料/KLoSA/韩文版/questionnaire/KLoSA 1차_설문지.pdf,7be4c322e23b4bcac1c79548fc9b8944eb0f27cb2022abb15ef95bfdea6b2cd5,2785192,False,PDF可打开；首页无可提取文本，待按需OCR,242, 
KLoSA/韩文版/questionnaire/KLoSA_2차_설문지.pdf,材料/KLoSA/韩文版/questionnaire/KLoSA_2차_설문지.pdf,306aa15374c3a79bddc72ce37d2803a4787b0eadad52b0472a200b6445ac98f2,3979949,False,PDF可打开；首页无可提取文本，待按需OCR,348, 
KLoSA/韩文版/questionnaire/KLoSA_3차_설문지.pdf,材料/KLoSA/韩文版/questionnaire/KLoSA_3차_설문지.pdf,da4380f1ac9b2faa0656a550b8d91b7dc0f8b488c7c2cf249aa55dc244e28574,2097510,False,PDF可打开；首页无可提取文本，待按需OCR,333, 
KLoSA/韩文版/questionnaire/KLoSA_4차_설문지.pdf,材料/KLoSA/韩文版/questionnaire/KLoSA_4차_설문지.pdf,7a3a67ec1ebf54af9bfb3a577791929dadeed603ad760b9c86f1da9baac24eac,1645278,False,PDF可打开；首页可提取文本,332, KLoSA 고령화연구패널조사 목 차 1. CV. 커버 스크린···································································································································· 1 2. A. 인구학적 배경·································································································································· 5 3. Ba. 가족(자녀 및 손자녀) ·················································································································· 15 4. Bb. 가족(부모 및 형제자매) ·············································································································· 33 5. C. (건강) ···················································
KLoSA/韩文版/questionnaire/KLoSA_5차(기존)_설문지.pdf,材料/KLoSA/韩文版/questionnaire/KLoSA_5차(기존)_설문지.pdf,0ce0fdaaee34187fa6e7ae6056e920e08cb39a9f12b289db6680a56fb67f22fd,1673963,False,PDF可打开；首页可提取文本,337," - 1 - CV. 커버스크린 영역 설문 로직 § 가구내 패널 중 한 사람이 커버스크린 영역을 응답함 § 패널 중 이사/분가한 경우(GPMS에서 구분)에는 새로운 가구아이디가 부여되어, 이사/분가한 경우인 지 알 수 있도록 함 § 패널이 사망한 경우에는 커버스크린 없이 대리응답자가 바로 exit interview 진행 CV001. 2006년에 시작된 고령화연구패널조사는 올해 제5차 기본조사를 실시하게 됩니다. 지난 조사에 이 어 이번에도 조사에 응해 주셔서 감사드립니다. 올해는 지난 조사 이후의 변화상황을 조사하게 됩니다. ① 확인 로직 § 응답자 이름이 사전 입력되어 있음(PL 데이터) CV002. 선생님 성명은 어떻게 되십니까? ___________ 로직 § 응답자 성별이 사전 입력되어 있음(PL 데이터) CV003. 선생님 성별은 무엇입니까? ① 남자 ⑤ 여자 CV004. 선생님이 거주하시는 곳이 아파트 입니까? ① 예 ⑤ 아니오 로직 § CV005~CV011: 비패널 수만큼 루프(loop) (CAPI : PL데이터가 입력된 테이블 형식 제시) * 기존 비패널 가구원에 따라 각 항목을 확인해주세요. (* 새로 유입된 비패널 가구원에 따라 각 항목을 입력 해 주세요.) CV005. 성명이 어떻게 되십니까? [면접원: 비패널가구원 성명 모름 또"
KLoSA/韩文版/questionnaire/KLoSA_5차(신규)_설문지.pdf,材料/KLoSA/韩文版/questionnaire/KLoSA_5차(신규)_설문지.pdf,b8982a6ef66dcc595a5e620fdde150fcb98fa08b1283f600d90cc7c01e9a6dc7,1723571,False,PDF可打开；首页可提取文本,313," [조사안내] 안녕하십니까? 고용노동부와 한국고용정보원은 대한민국 고령화 실태를 점검하고자 고령화연구패널조사를 실시하고 있습니다. 본 조사는 가족, 건강, 고용, 소득, 자산 등 고령자들의 전반적인 현황을 파악하는 조사 로, 조사 결과는 고령화와 관련한 학술연구 활동 자료 및 정책 수립의 근거로 활용될 예정입니다. 설문 소요시간은 60분 내외가 될 것이며, 본 조사의 설문내용 및 개인 신상은 통계법 제33조에 의해 비밀이 보장됩니다. 통계법 제33조 1. 통계작성과정에서 알려진 사항으로서 개인 또는 법인이나 단체의 비밀에 속하는 사항은 보호되어 야 한다. 2. 통계작성을 위하여 수집된 개인 또는 법인이나 단체의 비밀에 속하는 기초자료는 통계작성 목적 외에 사용하여서는 아니 된다. 한국고용정보원은 국가고용정보의 수집/제공, 직업에 관한 조사/연구 등의 업무를 담당하는 국가고용 서비스의 선진화에 힘쓰고 있는 고용노동부 산하 공공기관입니다. 본 조사와 관련해 궁금하신 점이 있다면, 아래 연락처로 문의하시기 바랍니다. -한국고용정보원 고용조사분석센터 고령화연구패널 연구팀 02-2629-7336 -TNS 고령화연구패널조사 무료전화 080-782-4755 ① 확인 "
KLoSA/韩文版/questionnaire/KLoSA_6차_설문지.pdf,材料/KLoSA/韩文版/questionnaire/KLoSA_6차_설문지.pdf,16d2a49ce34f0462d2226d942e280c963f8f804160fb90eddf895102396b5574,1980209,False,PDF可打开；首页可提取文本,347," - 1 - CV. 커버스크린 영역 설문 n 로직 § 가구내 패널 중 한 사람이 커버스크린 영역을 응답함 § 패널 중 이사/분가한 경우(GPMS에서 구분)에는 새로운 가구아이디가 부여되어, 이사/분가한 경 우 구별 § 패널이 사망한 경우에는 커버스크린 없이 대리응답자가 바로 exit interview 진행 CV001. 2006년에 시작된 고령화연구패널조사는 올해 제5차 기본조사를 실시하게 됩니다. 지난 조사에 이어 이번에도 조사에 응해 주셔서 감사드립니다. 올해는 지난 조사 이후의 변화상황을 조사하게 됩니다. ① 확인 n 로직 § 응답자 이름 사전 입력 (PL 데이터) CV002. 선생님 성명은 어떻게 되십니까? ___________ n 로직 § 응답자 이름 사전 입력 (PL 데이터) CV003. 선생님 성별은 무엇입니까? ① 남자 ⑤ 여자 CV004. 선생님이 거주하시는 곳이 아파트 입니까? ① 예 ⑤ 아니오 n 로직 § CV005~CV011: 비패널 수만큼 루프(loop) § (CAPI : PL데이터가 입력된 테이블 형식 제시) * 기존 비패널 가구원에 따라 각 항목을 확인해주세요. (* 새로 유입된 비패널 가구원에 따라 각 항목을 입력 해 주세요) CV005. 성명이 어떻게 되십니까? [면접원: 비패널가구원 성명 모름 또는 거절 시 비패널가"
KLoSA/韩文版/questionnaire/KLoSA_7차_설문지.pdf,材料/KLoSA/韩文版/questionnaire/KLoSA_7차_설문지.pdf,98b215f372d608dfe18d7e01bd0ab412cb1f125313f64a5411b6b638d9e9725c,2031729,False,PDF可打开；首页可提取文本,349," - 1 - CV. 커버스크린 영역 설문 n 로직 § 가구내 패널 중 한 사람이 커버스크린 영역을 응답함 § 패널 중 이사/분가한 경우(GPMS에서 구분)에는 새로운 가구아이디가 부여되어, 이사/분가한 경 우 구별 § 패널이 사망한 경우에는 커버스크린 없이 대리응답자가 바로 exit interview 진행 CV001. 2006년에 시작된 고령화연구패널조사는 올해 제7차 기본조사를 실시하게 됩니다. 지난 조사에 이어 이번에도 조사에 응해 주셔서 감사드립니다. 올해는 지난 조사 이후의 변화상황을 조사하게 됩니다. ① 확인 n 로직 § 응답자 이름 사전 입력 (PL 데이터) CV002. 선생님 성명은 어떻게 되십니까? ___________ n 로직 § 응답자 이름 사전 입력 (PL 데이터) CV003. 선생님 성별은 무엇입니까? ① 남자 ⑤ 여자 CV004. 선생님이 거주하시는 곳이 아파트 입니까? ① 예 ⑤ 아니오 n 로직 § CV005~CV011: 비패널 수만큼 루프(loop) § (CAPI : PL데이터가 입력된 테이블 형식 제시) * 기존 비패널 가구원에 따라 각 항목을 확인해주세요. (* 새로 유입된 비패널 가구원에 따라 각 항목을 입력 해 주세요) CV005. 성명이 어떻게 되십니까? [면접원: 비패널가구원 성명 모름 또는 거절 시 비패널가"
KLoSA/韩文版/questionnaire/KLoSA_8차_설문지.pdf,材料/KLoSA/韩文版/questionnaire/KLoSA_8차_설문지.pdf,8d9b6ae37cac26bf1090c3d3f1b509bf31648f3c02c50be70e5bb965631c54e6,2097560,False,PDF可打开；首页可提取文本,372,"2020년 제8차 고령화연구패널조사 (Korean Longitudinal Study of Ageing) 설 문 지 - 1 - CV. 커버스크린 영역 설문 n 로직 § 가구내 패널 중 한 사람이 커버스크린 영역을 응답함 § 패널 중 이사/분가한 경우(GPMS에서 구분)에는 새로운 가구아이디가 부여되어, 이사/분가한 경 우 구별 § 패널이 사망한 경우에는 커버스크린 없이 대리응답자가 바로 exit interview 진행 CV001. 2006년에 시작된 고령화연구패널조사는 올해 제7차 기본조사를 실시하게 됩니다. 지난 조사에 이어 이번에도 조사에 응해 주셔서 감사드립니다. 올 해는 지난 조사 이후의 변화상황을 조사하 게 됩니다. ① 확인 n 로직 § 응답자 이름 사전 입력 (PL 데이터) CV002. 선생님 성명은 어떻게 되십니까? ___________ n 로직 § 응답자 이름 사전 입력 (PL 데이터) CV003. 선생님 성별은 무엇입니까? ① 남자 ⑤ 여자 CV004. 선생님이 거주하시는 곳이 아파트 입니까? ① 예 ⑤ 아니오 n 로직 § CV005~CV011: 비패널 수만큼 루프(loop) § (CAPI : PL데이터가 입력된 테이블 형식 제시) * 기존 비패널 가구원에 따라 각 항목을 확인해주세요. (* 새로 유입된 비패널 가구원에 따라 각 항"
KLoSA/韩文版/questionnaire/KLoSA_9차_설문지.pdf,材料/KLoSA/韩文版/questionnaire/KLoSA_9차_설문지.pdf,091d5f06b579188d504f9f0055feb99e2f43c96a70a86d6d86ee415b39506018,2138358,False,PDF可打开；首页可提取文本,367,"2022년 제9차 고령화연구패널조사 (Korean Longitudinal Study of Ageing) 설 문 지 - 1 - CV. 커버스크린 영역 설문 n 로직 § 가구내 패널 중 한 사람이 커버스크린 영역을 응답함 § 패널 중 이사/분가한 경우(GPMS에서 구분)에는 새로운 가구아이디가 부여되어, 이사/분가한 경 우 구별 § 패널이 사망한 경우에는 커버스크린 없이 대리응답자가 바로 exit interview 진행 CV001. 2006년에 시작된 고령화연구패널조사는 올해 제9차 기본조사를 실시하게 됩니다. 지난 조사에 이어 이번에도 조사에 응해 주셔서 감사드립니다. 올해는 지난 조사 이후의 변화상황을 조사하게 됩니다. ① 확인 n 로직 § 응답자 이름 사전 입력 (PL 데이터) CV002. 선생님 성명은 어떻게 되십니까? ___________ n 로직 § 응답자 이름 사전 입력 (PL 데이터) CV003. 선생님 성별은 무엇입니까? ① 남자 ⑤ 여자 CV004. 선생님이 거주하시는 곳이 아파트 입니까? ① 예 ⑤ 아니오 n 로직 § CV005~CV011: 비패널 수만큼 루프(loop) § (CAPI : PL데이터가 입력된 테이블 형식 제시) * 기존 비패널 가구원에 따라 각 항목을 확인해주세요. (* 새로 유입된 비패널 가구원에 따라 각 항목을"
KLoSA/韩文版/questionnaire/고령화연구패널 10차 설문지(2024)_260227.pdf,材料/KLoSA/韩文版/questionnaire/고령화연구패널 10차 설문지(2024)_260227.pdf,4acb1d671d8dec653a59d10a5a3f7f7ed8b489ccd533b7e895f9b8172d3e6b1d,2167404,False,PDF可打开；首页可提取文本,372,"2024년 제10차 고령화연구패널조사 (Korean Longitudinal Study of Ageing) 설 문 지 - 1 - CV. 커버스크린 영역 설문 n 로직 § 가구내 패널 중 한 사람이 커버스크린 영역을 응답함 § 패널 중 이사/분가한 경우(GPMS에서 구분)에는 새로운 가구아이디가 부여되어, 이사/분가한 경 우 구별 § 패널이 사망한 경우에는 커버스크린 없이 대리응답자가 바로 exit interview 진행 CV001. 2006년에 시작된 고령화연구패널조사는 올해 제10차 기본조사를 실시하게 됩니다. 지난 조사에 이어 이번에도 조사에 응해 주셔서 감사드립니다. 올해는 지난 조사 이후의 변화상황을 조사하게 됩니다. ① 확인 n 로직 § 응답자 이름 사전 입력 (PL 데이터) CV002. 선생님 성명은 어떻게 되십니까? ___________ n 로직 § 응답자 이름 사전 입력 (PL 데이터) CV003. 선생님 성별은 무엇입니까? ① 남자 ⑤ 여자 CV004. 선생님이 거주하시는 곳이 아파트 입니까? ① 예 ⑤ 아니오 n 로직 § CV005~CV011: 비패널 수만큼 루프(loop) § (CAPI : PL데이터가 입력된 테이블 형식 제시) * 기존 비패널 가구원에 따라 각 항목을 확인해주세요. (* 새로 유입된 비패널 가구원에 따라 각 항"
KLoSA/韩文版/英文代码本.html,材料/KLoSA/韩文版/英文代码本.html,be943f4ccf96de7ba29404ee87bfe51d9ff10852facc4fa4b44ab6e1331644ff,58056,False,文本已抽取；编码需按原文核对,," Employment Survey/htm/asapro_en/klosa/codebook/List.jsp // // This website is an official e-Government website of the Republic of Korea. Employment Survey Search // 통합검색 function fnsearch(){ var url = ""/search/searchresult.jsp""; // ""/search/search.htm""; var key = $(""input[name=top_keyword]"").val(); var encodeurl = encodeURI(""?top_keyword="" + key); window.location.href = url+encodeurl; } $(function(){ $(""input[name=top_keyword]"").val(); $(""input[name=top_keyword]"").bind('keypress',function(event){ if(event.keyCode == ""13"") { fnsearch(); return false; } }); }); $(document).ready(function (){ if($(""input[name=top_keyword]"").val() == """"){ $(""inp"
KLoSA/韩文版/英文数据.html,材料/KLoSA/韩文版/英文数据.html,e0994e80f8ce2ecdf5bcad5e8984a6ad509d6a2aece7aa6b80e4017e73c8268d,57839,False,文本已抽取；编码需按原文核对,," Employment Survey/htm/asapro_en/klosa/databoard/List.jsp // // This website is an official e-Government website of the Republic of Korea. Employment Survey Search // 통합검색 function fnsearch(){ var url = ""/search/searchresult.jsp""; // ""/search/search.htm""; var key = $(""input[name=top_keyword]"").val(); var encodeurl = encodeURI(""?top_keyword="" + key); window.location.href = url+encodeurl; } $(function(){ $(""input[name=top_keyword]"").val(); $(""input[name=top_keyword]"").bind('keypress',function(event){ if(event.keyCode == ""13"") { fnsearch(); return false; } }); }); $(document).ready(function (){ if($(""input[name=top_keyword]"").val() == """"){ $(""in"
KLoSA/韩文版/英文问卷.html,材料/KLoSA/韩文版/英文问卷.html,f7eca3b6833039cf7d6e813bf94c5ecf456a71abedef150bd747d98b4abac122,40107,False,文本已抽取；编码需按原文核对,," Employment Survey/htm/asapro_en/klosa/questionnaire/List.jsp // // This website is an official e-Government website of the Republic of Korea. Employment Survey Search // 통합검색 function fnsearch(){ var url = ""/search/searchresult.jsp""; // ""/search/search.htm""; var key = $(""input[name=top_keyword]"").val(); var encodeurl = encodeURI(""?top_keyword="" + key); window.location.href = url+encodeurl; } $(function(){ $(""input[name=top_keyword]"").val(); $(""input[name=top_keyword]"").bind('keypress',function(event){ if(event.keyCode == ""13"") { fnsearch(); return false; } }); }); $(document).ready(function (){ if($(""input[name=top_keyword]"").val() == """"){ $"
KLoSA/韩文版/韩文代码本.html,材料/KLoSA/韩文版/韩文代码本.html,dd46988abedb0a3aa430efa9f2db6c67c01407b255d9a9674a21a4be028aefe4,78522,False,文本已抽取；编码需按原文核对,, 고용조사 분석시스템>고령화연구패널 (KLoSA)>코드북 // // 이 누리집은 대한민국 공식 전자정부 누리집입니다. 고용조사분석 시스템 검색 // CONTACT US 사이트맵 ENGLISH 글자 설정 작게 보통 크게 초기화 통합검색 전체메뉴 청년패널조사 (YP) 청년패널조사 (YP) 바로가기 YP 조사개요 YP 조사설계 YP 자료분석 설문지 코드북(매핑표) 유저가이드 자료받기 대졸자직업이동경로조사 (GOMS) 대졸자직업이동경로조사 (GOMS) 바로가기 GOMS 조사개요 GOMS 조사설계 설문지 코드북 유저가이드 자료받기 고령화연구패널 (KLoSA) 고령화연구패널 (KLoSA) 바로가기 KLoSA 조사개요 KLoSA 조사설계 설문지 코드북 유저가이드 자료받기 고령화고용패널 (KLoEE) 고령화고용패널 (KLoEE) 바로가기 KLoEE 조사개요 KLoEE 조사설계 KLoEE 자료분석 설문지 코드북 유저가이드 자료받기 학술대회/자료실 학술대회/자료실 바로가기 학술대회 자료집 발간보고서 자료활용리스트 대졸자취업정보 고용직업분류 ENGLISH 청년패널조사 (YP) 청년패널조사 (YP) 바로가기 YP 조사개요 YP 조사설계 YP 자료분석 설문지 코드북(매핑표) 유저가이드 자료받기 대졸자직업이동경로조사 (GOMS) 대졸자직업이동경로조사 (GOMS) 바로가기
KLoSA/韩文版/韩文指南.html,材料/KLoSA/韩文版/韩文指南.html,560674b9140f72e5c2007936d64d91b277d852a0244003a1a747ab9abec49040,88238,False,文本已抽取；编码需按原文核对,, 고용조사 분석시스템>고령화연구패널 (KLoSA)>유저가이드 // // 이 누리집은 대한민국 공식 전자정부 누리집입니다. 고용조사분석 시스템 검색 // CONTACT US 사이트맵 ENGLISH 글자 설정 작게 보통 크게 초기화 통합검색 전체메뉴 청년패널조사 (YP) 청년패널조사 (YP) 바로가기 YP 조사개요 YP 조사설계 YP 자료분석 설문지 코드북(매핑표) 유저가이드 자료받기 대졸자직업이동경로조사 (GOMS) 대졸자직업이동경로조사 (GOMS) 바로가기 GOMS 조사개요 GOMS 조사설계 설문지 코드북 유저가이드 자료받기 고령화연구패널 (KLoSA) 고령화연구패널 (KLoSA) 바로가기 KLoSA 조사개요 KLoSA 조사설계 설문지 코드북 유저가이드 자료받기 고령화고용패널 (KLoEE) 고령화고용패널 (KLoEE) 바로가기 KLoEE 조사개요 KLoEE 조사설계 KLoEE 자료분석 설문지 코드북 유저가이드 자료받기 학술대회/자료실 학술대회/자료실 바로가기 학술대회 자료집 발간보고서 자료활용리스트 대졸자취업정보 고용직업분류 ENGLISH 청년패널조사 (YP) 청년패널조사 (YP) 바로가기 YP 조사개요 YP 조사설계 YP 자료분석 설문지 코드북(매핑표) 유저가이드 자료받기 대졸자직업이동경로조사 (GOMS) 대졸자직업이동경로조사 (GOMS) 바로
KLoSA/韩文版/韩文指南第2页.html,材料/KLoSA/韩文版/韩文指南第2页.html,1598e5bcee2f5fee30bf51ed8ecfc3b2668bfc91a23e148274cfb070c90b4d95,69417,False,文本已抽取；编码需按原文核对,, 고용조사 분석시스템>고령화연구패널 (KLoSA)>유저가이드 // // 이 누리집은 대한민국 공식 전자정부 누리집입니다. 고용조사분석 시스템 검색 // CONTACT US 사이트맵 ENGLISH 글자 설정 작게 보통 크게 초기화 통합검색 전체메뉴 청년패널조사 (YP) 청년패널조사 (YP) 바로가기 YP 조사개요 YP 조사설계 YP 자료분석 설문지 코드북(매핑표) 유저가이드 자료받기 대졸자직업이동경로조사 (GOMS) 대졸자직업이동경로조사 (GOMS) 바로가기 GOMS 조사개요 GOMS 조사설계 설문지 코드북 유저가이드 자료받기 고령화연구패널 (KLoSA) 고령화연구패널 (KLoSA) 바로가기 KLoSA 조사개요 KLoSA 조사설계 설문지 코드북 유저가이드 자료받기 고령화고용패널 (KLoEE) 고령화고용패널 (KLoEE) 바로가기 KLoEE 조사개요 KLoEE 조사설계 KLoEE 자료분석 설문지 코드북 유저가이드 자료받기 학술대회/자료실 학술대회/자료실 바로가기 학술대회 자료집 발간보고서 자료활용리스트 대졸자취업정보 고용직업분류 ENGLISH 청년패널조사 (YP) 청년패널조사 (YP) 바로가기 YP 조사개요 YP 조사설계 YP 자료분석 설문지 코드북(매핑표) 유저가이드 자료받기 대졸자직업이동경로조사 (GOMS) 대졸자직업이동경로조사 (GOMS) 바로
KLoSA/韩文版/韩文数据.html,材料/KLoSA/韩文版/韩文数据.html,5e46a25bbb3009575fecb6c6d8d3a5cebc732b23a1ff471880e006d53db435cb,85185,False,文本已抽取；编码需按原文核对,, 고용조사 분석시스템>고령화연구패널 (KLoSA)>자료받기 // // 이 누리집은 대한민국 공식 전자정부 누리집입니다. 고용조사분석 시스템 검색 // CONTACT US 사이트맵 ENGLISH 글자 설정 작게 보통 크게 초기화 통합검색 전체메뉴 청년패널조사 (YP) 청년패널조사 (YP) 바로가기 YP 조사개요 YP 조사설계 YP 자료분석 설문지 코드북(매핑표) 유저가이드 자료받기 대졸자직업이동경로조사 (GOMS) 대졸자직업이동경로조사 (GOMS) 바로가기 GOMS 조사개요 GOMS 조사설계 설문지 코드북 유저가이드 자료받기 고령화연구패널 (KLoSA) 고령화연구패널 (KLoSA) 바로가기 KLoSA 조사개요 KLoSA 조사설계 설문지 코드북 유저가이드 자료받기 고령화고용패널 (KLoEE) 고령화고용패널 (KLoEE) 바로가기 KLoEE 조사개요 KLoEE 조사설계 KLoEE 자료분석 설문지 코드북 유저가이드 자료받기 학술대회/자료실 학술대회/자료실 바로가기 학술대회 자료집 발간보고서 자료활용리스트 대졸자취업정보 고용직업분류 ENGLISH 청년패널조사 (YP) 청년패널조사 (YP) 바로가기 YP 조사개요 YP 조사설계 YP 자료분석 설문지 코드북(매핑표) 유저가이드 자료받기 대졸자직업이동경로조사 (GOMS) 대졸자직업이동경로조사 (GOMS) 바로가
KLoSA/韩文版/韩文问卷.html,材料/KLoSA/韩文版/韩文问卷.html,2872c290dff1eb334830c0b25a08cabe7361d211424ba6573f29070e1615e7dd,87329,False,文本已抽取；编码需按原文核对,, 고용조사 분석시스템>고령화연구패널 (KLoSA)>설문지 // // 이 누리집은 대한민국 공식 전자정부 누리집입니다. 고용조사분석 시스템 검색 // CONTACT US 사이트맵 ENGLISH 글자 설정 작게 보통 크게 초기화 통합검색 전체메뉴 청년패널조사 (YP) 청년패널조사 (YP) 바로가기 YP 조사개요 YP 조사설계 YP 자료분석 설문지 코드북(매핑표) 유저가이드 자료받기 대졸자직업이동경로조사 (GOMS) 대졸자직업이동경로조사 (GOMS) 바로가기 GOMS 조사개요 GOMS 조사설계 설문지 코드북 유저가이드 자료받기 고령화연구패널 (KLoSA) 고령화연구패널 (KLoSA) 바로가기 KLoSA 조사개요 KLoSA 조사설계 설문지 코드북 유저가이드 자료받기 고령화고용패널 (KLoEE) 고령화고용패널 (KLoEE) 바로가기 KLoEE 조사개요 KLoEE 조사설계 KLoEE 자료분석 설문지 코드북 유저가이드 자료받기 학술대회/자료실 학술대회/자료실 바로가기 학술대회 자료집 발간보고서 자료활용리스트 대졸자취업정보 고용직업분류 ENGLISH 청년패널조사 (YP) 청년패널조사 (YP) 바로가기 YP 조사개요 YP 조사설계 YP 자료분석 설문지 코드북(매핑표) 유저가이드 자료받기 대졸자직업이동경로조사 (GOMS) 대졸자직업이동경로조사 (GOMS) 바로가기
KLoSA/韩文版/韩文问卷第2页.html,材料/KLoSA/韩文版/韩文问卷第2页.html,8036b9232ef0137be32afdb01f6a277b3550ae238805fe495eb61efd75b8e52f,71349,False,文本已抽取；编码需按原文核对,, 고용조사 분석시스템>고령화연구패널 (KLoSA)>설문지 // // 이 누리집은 대한민국 공식 전자정부 누리집입니다. 고용조사분석 시스템 검색 // CONTACT US 사이트맵 ENGLISH 글자 설정 작게 보통 크게 초기화 통합검색 전체메뉴 청년패널조사 (YP) 청년패널조사 (YP) 바로가기 YP 조사개요 YP 조사설계 YP 자료분석 설문지 코드북(매핑표) 유저가이드 자료받기 대졸자직업이동경로조사 (GOMS) 대졸자직업이동경로조사 (GOMS) 바로가기 GOMS 조사개요 GOMS 조사설계 설문지 코드북 유저가이드 자료받기 고령화연구패널 (KLoSA) 고령화연구패널 (KLoSA) 바로가기 KLoSA 조사개요 KLoSA 조사설계 설문지 코드북 유저가이드 자료받기 고령화고용패널 (KLoEE) 고령화고용패널 (KLoEE) 바로가기 KLoEE 조사개요 KLoEE 조사설계 KLoEE 자료분석 설문지 코드북 유저가이드 자료받기 학술대회/자료실 학술대회/자료실 바로가기 학술대회 자료집 발간보고서 자료활용리스트 대졸자취업정보 고용직업분류 ENGLISH 청년패널조사 (YP) 청년패널조사 (YP) 바로가기 YP 조사개요 YP 조사설계 YP 자료분석 설문지 코드북(매핑표) 유저가이드 자료받기 대졸자직업이동경로조사 (GOMS) 대졸자직업이동경로조사 (GOMS) 바로가기
KLoSA/harmonized/official/Harmonized_KLoSA_E.3_2006-2020.pdf,材料/KLoSA/harmonized/official/Harmonized_KLoSA_E.3_2006-2020.pdf,dd0e069fcedb64e1844f55be8e46a53c3235e8bd6a7539252cf4f0b9c8d8a7b1,3231657,False,PDF可打开；首页可提取文本,1122,"g2aging.org Hae Yeun Park, Yuxuan Wang, Jenny Wilkens, Drystan Phillips, & Jinkook Lee Harmonized KLoSA Documentation VERSION E.3 (2006-2020), FEBRUARY 2025 We greatly appreciate support from the National Institute on Aging (R01 AG030153, RC2 AG036619, R03 AG043052) Please cite use of dataset or documentation as: Park, Hae Yeun, Yuxuan Wang, Jenny Wilkens, Drystan Phillips, and Jinkook Lee. “Harmonized KLoSA, Version E.3.” The Gateway to Global Aging Data, 2025. https://doi.org/10.25553/0gba-4r74. Preface The Korean Longitudinal Study of Aging (KLoSA) is a longitudinal study of individuals over age 45 in South Korea. It was designed to better"
KLoSA/harmonized/official/Harmonized_KLoSA_F_2006-2022.pdf,材料/KLoSA/harmonized/official/Harmonized_KLoSA_F_2006-2022.pdf,2855f35a6da06c95e7c2f74d0c67ed130c3d8a497b4b7bad0cbe9660d1a052d9,2900402,False,PDF可打开；首页可提取文本,1133,"Gateway Harmonized KLoSA Documentation Version F (2006-2022), June 2025 Jayson De La O, Jenny Wilkens, Drystan Phillips, & Jinkook Lee Please cite use of dataset or documentation as: De La O, Jayson, Jenny Wilkens, Drystan Phillips, & Jinkook Lee. Gateway Harmonized KLoSA, Version F. Gateway to Global Aging Data, 2025. https://doi.org/10.25553/0gba-4r74 We greatly appreciate support from the National Institute on Aging (R01 AG030153, RC2 AG036619, R03 AG043052) g2aging.org Preface The Korean Longitudinal Study of Aging (KLoSA) is a longitudinal study of individuals over age 45 in South Korea. It was designed to better understand the socioecon"
